Alcaldía,Fecha,Predicción de Delitos
CUAUHTEMOC,2024-01-01,59
CUAUHTEMOC,2024-01-02,67
CUAUHTEMOC,2024-01-03,65
CUAUHTEMOC,2024-01-04,65
CUAUHTEMOC,2024-01-05,71
CUAUHTEMOC,2024-01-06,76
CUAUHTEMOC,2024-01-07,72
CUAUHTEMOC,2024-01-08,82
CUAUHTEMOC,2024-01-09,82
CUAUHTEMOC,2024-01-10,74
CUAUHTEMOC,2024-01-11,79
CUAUHTEMOC,2024-01-12,71
CUAUHTEMOC,2024-01-13,69
CUAUHTEMOC,2024-01-14,59
CUAUHTEMOC,2024-01-15,64
CUAUHTEMOC,2024-01-16,74
CUAUHTEMOC,2024-01-17,61
CUAUHTEMOC,2024-01-18,63
CUAUHTEMOC,2024-01-19,67
CUAUHTEMOC,2024-01-20,66
CUAUHTEMOC,2024-01-21,65
CUAUHTEMOC,2024-01-22,67
CUAUHTEMOC,2024-01-23,67
CUAUHTEMOC,2024-01-24,67
CUAUHTEMOC,2024-01-25,78
CUAUHTEMOC,2024-01-26,78
CUAUHTEMOC,2024-01-27,70
CUAUHTEMOC,2024-01-28,75
CUAUHTEMOC,2024-01-29,66
CUAUHTEMOC,2024-01-30,68
CUAUHTEMOC,2024-01-31,68
CUAUHTEMOC,2024-02-01,71
CUAUHTEMOC,2024-02-02,72
CUAUHTEMOC,2024-02-03,66
CUAUHTEMOC,2024-02-04,67
CUAUHTEMOC,2024-02-05,70
CUAUHTEMOC,2024-02-06,72
CUAUHTEMOC,2024-02-07,69
CUAUHTEMOC,2024-02-08,68
CUAUHTEMOC,2024-02-09,71
CUAUHTEMOC,2024-02-10,65
CUAUHTEMOC,2024-02-11,73
CUAUHTEMOC,2024-02-12,69
CUAUHTEMOC,2024-02-13,70
CUAUHTEMOC,2024-02-14,74
CUAUHTEMOC,2024-02-15,71
CUAUHTEMOC,2024-02-16,68
CUAUHTEMOC,2024-02-17,69
CUAUHTEMOC,2024-02-18,69
CUAUHTEMOC,2024-02-19,69
CUAUHTEMOC,2024-02-20,64
CUAUHTEMOC,2024-02-21,68
CUAUHTEMOC,2024-02-22,70
CUAUHTEMOC,2024-02-23,71
CUAUHTEMOC,2024-02-24,70
CUAUHTEMOC,2024-02-25,64
CUAUHTEMOC,2024-02-26,65
CUAUHTEMOC,2024-02-27,61
CUAUHTEMOC,2024-02-28,65
CUAUHTEMOC,2024-02-29,67
CUAUHTEMOC,2024-03-01,66
CUAUHTEMOC,2024-03-02,61
CUAUHTEMOC,2024-03-03,68
CUAUHTEMOC,2024-03-04,69
CUAUHTEMOC,2024-03-05,67
CUAUHTEMOC,2024-03-06,72
CUAUHTEMOC,2024-03-07,70
CUAUHTEMOC,2024-03-08,70
CUAUHTEMOC,2024-03-09,69
CUAUHTEMOC,2024-03-10,67
CUAUHTEMOC,2024-03-11,68
CUAUHTEMOC,2024-03-12,64
CUAUHTEMOC,2024-03-13,70
CUAUHTEMOC,2024-03-14,69
CUAUHTEMOC,2024-03-15,61
CUAUHTEMOC,2024-03-16,60
CUAUHTEMOC,2024-03-17,66
CUAUHTEMOC,2024-03-18,69
CUAUHTEMOC,2024-03-19,68
CUAUHTEMOC,2024-03-20,71
CUAUHTEMOC,2024-03-21,73
CUAUHTEMOC,2024-03-22,69
CUAUHTEMOC,2024-03-23,64
CUAUHTEMOC,2024-03-24,67
CUAUHTEMOC,2024-03-25,66
CUAUHTEMOC,2024-03-26,62
CUAUHTEMOC,2024-03-27,70
CUAUHTEMOC,2024-03-28,68
CUAUHTEMOC,2024-03-29,65
CUAUHTEMOC,2024-03-30,73
CUAUHTEMOC,2024-03-31,70
CUAUHTEMOC,2024-04-01,71
CUAUHTEMOC,2024-04-02,70
CUAUHTEMOC,2024-04-03,70
CUAUHTEMOC,2024-04-04,72
CUAUHTEMOC,2024-04-05,65
CUAUHTEMOC,2024-04-06,71
CUAUHTEMOC,2024-04-07,70
CUAUHTEMOC,2024-04-08,69
CUAUHTEMOC,2024-04-09,64
CUAUHTEMOC,2024-04-10,68
CUAUHTEMOC,2024-04-11,67
CUAUHTEMOC,2024-04-12,65
CUAUHTEMOC,2024-04-13,71
CUAUHTEMOC,2024-04-14,69
CUAUHTEMOC,2024-04-15,65
CUAUHTEMOC,2024-04-16,72
CUAUHTEMOC,2024-04-17,71
CUAUHTEMOC,2024-04-18,71
CUAUHTEMOC,2024-04-19,70
CUAUHTEMOC,2024-04-20,68
CUAUHTEMOC,2024-04-21,70
CUAUHTEMOC,2024-04-22,66
CUAUHTEMOC,2024-04-23,73
CUAUHTEMOC,2024-04-24,71
CUAUHTEMOC,2024-04-25,70
CUAUHTEMOC,2024-04-26,69
CUAUHTEMOC,2024-04-27,69
CUAUHTEMOC,2024-04-28,69
CUAUHTEMOC,2024-04-29,67
CUAUHTEMOC,2024-04-30,70
CUAUHTEMOC,2024-05-01,71
CUAUHTEMOC,2024-05-02,64
CUAUHTEMOC,2024-05-03,74
CUAUHTEMOC,2024-05-04,72
CUAUHTEMOC,2024-05-05,72
CUAUHTEMOC,2024-05-06,72
CUAUHTEMOC,2024-05-07,70
CUAUHTEMOC,2024-05-08,69
CUAUHTEMOC,2024-05-09,63
CUAUHTEMOC,2024-05-10,70
CUAUHTEMOC,2024-05-11,71
CUAUHTEMOC,2024-05-12,66
CUAUHTEMOC,2024-05-13,63
CUAUHTEMOC,2024-05-14,68
CUAUHTEMOC,2024-05-15,70
CUAUHTEMOC,2024-05-16,69
CUAUHTEMOC,2024-05-17,70
CUAUHTEMOC,2024-05-18,73
CUAUHTEMOC,2024-05-19,66
CUAUHTEMOC,2024-05-20,75
CUAUHTEMOC,2024-05-21,73
CUAUHTEMOC,2024-05-22,72
CUAUHTEMOC,2024-05-23,72
CUAUHTEMOC,2024-05-24,71
CUAUHTEMOC,2024-05-25,73
CUAUHTEMOC,2024-05-26,68
CUAUHTEMOC,2024-05-27,74
CUAUHTEMOC,2024-05-28,73
CUAUHTEMOC,2024-05-29,71
CUAUHTEMOC,2024-05-30,68
CUAUHTEMOC,2024-05-31,70
CUAUHTEMOC,2024-06-01,70
CUAUHTEMOC,2024-06-02,68
CUAUHTEMOC,2024-06-03,72
CUAUHTEMOC,2024-06-04,71
CUAUHTEMOC,2024-06-05,68
CUAUHTEMOC,2024-06-06,75
CUAUHTEMOC,2024-06-07,73
CUAUHTEMOC,2024-06-08,73
CUAUHTEMOC,2024-06-09,72
CUAUHTEMOC,2024-06-10,70
CUAUHTEMOC,2024-06-11,71
CUAUHTEMOC,2024-06-12,68
CUAUHTEMOC,2024-06-13,72
CUAUHTEMOC,2024-06-14,70
CUAUHTEMOC,2024-06-15,69
CUAUHTEMOC,2024-06-16,68
CUAUHTEMOC,2024-06-17,69
CUAUHTEMOC,2024-06-18,72
CUAUHTEMOC,2024-06-19,69
CUAUHTEMOC,2024-06-20,68
CUAUHTEMOC,2024-06-21,71
CUAUHTEMOC,2024-06-22,67
CUAUHTEMOC,2024-06-23,66
CUAUHTEMOC,2024-06-24,69
CUAUHTEMOC,2024-06-25,71
CUAUHTEMOC,2024-06-26,69
CUAUHTEMOC,2024-06-27,71
CUAUHTEMOC,2024-06-28,71
TLAHUAC,2024-01-01,16
TLAHUAC,2024-01-02,16
TLAHUAC,2024-01-03,16
TLAHUAC,2024-01-04,16
TLAHUAC,2024-01-05,16
TLAHUAC,2024-01-06,16
TLAHUAC,2024-01-07,16
TLAHUAC,2024-01-08,16
TLAHUAC,2024-01-09,16
TLAHUAC,2024-01-10,16
TLAHUAC,2024-01-11,16
TLAHUAC,2024-01-12,16
TLAHUAC,2024-01-13,16
TLAHUAC,2024-01-14,16
TLAHUAC,2024-01-15,16
TLAHUAC,2024-01-16,16
TLAHUAC,2024-01-17,16
TLAHUAC,2024-01-18,16
TLAHUAC,2024-01-19,16
TLAHUAC,2024-01-20,16
TLAHUAC,2024-01-21,16
TLAHUAC,2024-01-22,16
TLAHUAC,2024-01-23,16
TLAHUAC,2024-01-24,16
TLAHUAC,2024-01-25,16
TLAHUAC,2024-01-26,16
TLAHUAC,2024-01-27,16
TLAHUAC,2024-01-28,16
TLAHUAC,2024-01-29,16
TLAHUAC,2024-01-30,16
TLAHUAC,2024-01-31,16
TLAHUAC,2024-02-01,16
TLAHUAC,2024-02-02,16
TLAHUAC,2024-02-03,16
TLAHUAC,2024-02-04,16
TLAHUAC,2024-02-05,16
TLAHUAC,2024-02-06,16
TLAHUAC,2024-02-07,16
TLAHUAC,2024-02-08,16
TLAHUAC,2024-02-09,16
TLAHUAC,2024-02-10,16
TLAHUAC,2024-02-11,16
TLAHUAC,2024-02-12,16
TLAHUAC,2024-02-13,16
TLAHUAC,2024-02-14,16
TLAHUAC,2024-02-15,16
TLAHUAC,2024-02-16,16
TLAHUAC,2024-02-17,16
TLAHUAC,2024-02-18,16
TLAHUAC,2024-02-19,16
TLAHUAC,2024-02-20,16
TLAHUAC,2024-02-21,16
TLAHUAC,2024-02-22,16
TLAHUAC,2024-02-23,16
TLAHUAC,2024-02-24,16
TLAHUAC,2024-02-25,16
TLAHUAC,2024-02-26,16
TLAHUAC,2024-02-27,16
TLAHUAC,2024-02-28,16
TLAHUAC,2024-02-29,16
TLAHUAC,2024-03-01,16
TLAHUAC,2024-03-02,16
TLAHUAC,2024-03-03,16
TLAHUAC,2024-03-04,16
TLAHUAC,2024-03-05,16
TLAHUAC,2024-03-06,16
TLAHUAC,2024-03-07,16
TLAHUAC,2024-03-08,16
TLAHUAC,2024-03-09,16
TLAHUAC,2024-03-10,16
TLAHUAC,2024-03-11,16
TLAHUAC,2024-03-12,16
TLAHUAC,2024-03-13,16
TLAHUAC,2024-03-14,16
TLAHUAC,2024-03-15,16
TLAHUAC,2024-03-16,16
TLAHUAC,2024-03-17,16
TLAHUAC,2024-03-18,16
TLAHUAC,2024-03-19,16
TLAHUAC,2024-03-20,16
TLAHUAC,2024-03-21,16
TLAHUAC,2024-03-22,16
TLAHUAC,2024-03-23,16
TLAHUAC,2024-03-24,16
TLAHUAC,2024-03-25,16
TLAHUAC,2024-03-26,16
TLAHUAC,2024-03-27,16
TLAHUAC,2024-03-28,16
TLAHUAC,2024-03-29,16
TLAHUAC,2024-03-30,16
TLAHUAC,2024-03-31,16
TLAHUAC,2024-04-01,16
TLAHUAC,2024-04-02,16
TLAHUAC,2024-04-03,16
TLAHUAC,2024-04-04,16
TLAHUAC,2024-04-05,16
TLAHUAC,2024-04-06,16
TLAHUAC,2024-04-07,16
TLAHUAC,2024-04-08,16
TLAHUAC,2024-04-09,16
TLAHUAC,2024-04-10,16
TLAHUAC,2024-04-11,16
TLAHUAC,2024-04-12,16
TLAHUAC,2024-04-13,16
TLAHUAC,2024-04-14,16
TLAHUAC,2024-04-15,16
TLAHUAC,2024-04-16,16
TLAHUAC,2024-04-17,16
TLAHUAC,2024-04-18,16
TLAHUAC,2024-04-19,16
TLAHUAC,2024-04-20,16
TLAHUAC,2024-04-21,16
TLAHUAC,2024-04-22,16
TLAHUAC,2024-04-23,16
TLAHUAC,2024-04-24,16
TLAHUAC,2024-04-25,16
TLAHUAC,2024-04-26,16
TLAHUAC,2024-04-27,16
TLAHUAC,2024-04-28,16
TLAHUAC,2024-04-29,16
TLAHUAC,2024-04-30,16
TLAHUAC,2024-05-01,16
TLAHUAC,2024-05-02,16
TLAHUAC,2024-05-03,16
TLAHUAC,2024-05-04,16
TLAHUAC,2024-05-05,16
TLAHUAC,2024-05-06,16
TLAHUAC,2024-05-07,16
TLAHUAC,2024-05-08,16
TLAHUAC,2024-05-09,16
TLAHUAC,2024-05-10,16
TLAHUAC,2024-05-11,16
TLAHUAC,2024-05-12,16
TLAHUAC,2024-05-13,16
TLAHUAC,2024-05-14,16
TLAHUAC,2024-05-15,16
TLAHUAC,2024-05-16,16
TLAHUAC,2024-05-17,16
TLAHUAC,2024-05-18,16
TLAHUAC,2024-05-19,16
TLAHUAC,2024-05-20,16
TLAHUAC,2024-05-21,16
TLAHUAC,2024-05-22,16
TLAHUAC,2024-05-23,16
TLAHUAC,2024-05-24,16
TLAHUAC,2024-05-25,16
TLAHUAC,2024-05-26,16
TLAHUAC,2024-05-27,16
TLAHUAC,2024-05-28,16
TLAHUAC,2024-05-29,16
TLAHUAC,2024-05-30,16
TLAHUAC,2024-05-31,16
TLAHUAC,2024-06-01,16
TLAHUAC,2024-06-02,16
TLAHUAC,2024-06-03,16
TLAHUAC,2024-06-04,16
TLAHUAC,2024-06-05,16
TLAHUAC,2024-06-06,16
TLAHUAC,2024-06-07,16
TLAHUAC,2024-06-08,16
TLAHUAC,2024-06-09,16
TLAHUAC,2024-06-10,16
TLAHUAC,2024-06-11,16
TLAHUAC,2024-06-12,16
TLAHUAC,2024-06-13,16
TLAHUAC,2024-06-14,16
TLAHUAC,2024-06-15,16
TLAHUAC,2024-06-16,16
TLAHUAC,2024-06-17,16
TLAHUAC,2024-06-18,16
TLAHUAC,2024-06-19,16
TLAHUAC,2024-06-20,16
TLAHUAC,2024-06-21,16
TLAHUAC,2024-06-22,16
TLAHUAC,2024-06-23,16
TLAHUAC,2024-06-24,16
TLAHUAC,2024-06-25,16
TLAHUAC,2024-06-26,16
TLAHUAC,2024-06-27,16
TLAHUAC,2024-06-28,16
ALVARO OBREGON,2024-01-01,35
ALVARO OBREGON,2024-01-02,34
ALVARO OBREGON,2024-01-03,36
ALVARO OBREGON,2024-01-04,35
ALVARO OBREGON,2024-01-05,36
ALVARO OBREGON,2024-01-06,35
ALVARO OBREGON,2024-01-07,36
ALVARO OBREGON,2024-01-08,36
ALVARO OBREGON,2024-01-09,36
ALVARO OBREGON,2024-01-10,36
ALVARO OBREGON,2024-01-11,35
ALVARO OBREGON,2024-01-12,37
ALVARO OBREGON,2024-01-13,36
ALVARO OBREGON,2024-01-14,35
ALVARO OBREGON,2024-01-15,36
ALVARO OBREGON,2024-01-16,35
ALVARO OBREGON,2024-01-17,36
ALVARO OBREGON,2024-01-18,37
ALVARO OBREGON,2024-01-19,36
ALVARO OBREGON,2024-01-20,37
ALVARO OBREGON,2024-01-21,36
ALVARO OBREGON,2024-01-22,38
ALVARO OBREGON,2024-01-23,39
ALVARO OBREGON,2024-01-24,38
ALVARO OBREGON,2024-01-25,37
ALVARO OBREGON,2024-01-26,38
ALVARO OBREGON,2024-01-27,38
ALVARO OBREGON,2024-01-28,37
ALVARO OBREGON,2024-01-29,38
ALVARO OBREGON,2024-01-30,38
ALVARO OBREGON,2024-01-31,38
ALVARO OBREGON,2024-02-01,38
ALVARO OBREGON,2024-02-02,38
ALVARO OBREGON,2024-02-03,38
ALVARO OBREGON,2024-02-04,38
ALVARO OBREGON,2024-02-05,38
ALVARO OBREGON,2024-02-06,38
ALVARO OBREGON,2024-02-07,38
ALVARO OBREGON,2024-02-08,38
ALVARO OBREGON,2024-02-09,38
ALVARO OBREGON,2024-02-10,38
ALVARO OBREGON,2024-02-11,38
ALVARO OBREGON,2024-02-12,38
ALVARO OBREGON,2024-02-13,38
ALVARO OBREGON,2024-02-14,38
ALVARO OBREGON,2024-02-15,38
ALVARO OBREGON,2024-02-16,38
ALVARO OBREGON,2024-02-17,38
ALVARO OBREGON,2024-02-18,38
ALVARO OBREGON,2024-02-19,38
ALVARO OBREGON,2024-02-20,39
ALVARO OBREGON,2024-02-21,39
ALVARO OBREGON,2024-02-22,39
ALVARO OBREGON,2024-02-23,39
ALVARO OBREGON,2024-02-24,39
ALVARO OBREGON,2024-02-25,39
ALVARO OBREGON,2024-02-26,39
ALVARO OBREGON,2024-02-27,39
ALVARO OBREGON,2024-02-28,39
ALVARO OBREGON,2024-02-29,39
ALVARO OBREGON,2024-03-01,39
ALVARO OBREGON,2024-03-02,39
ALVARO OBREGON,2024-03-03,39
ALVARO OBREGON,2024-03-04,39
ALVARO OBREGON,2024-03-05,39
ALVARO OBREGON,2024-03-06,39
ALVARO OBREGON,2024-03-07,39
ALVARO OBREGON,2024-03-08,39
ALVARO OBREGON,2024-03-09,39
ALVARO OBREGON,2024-03-10,39
ALVARO OBREGON,2024-03-11,39
ALVARO OBREGON,2024-03-12,39
ALVARO OBREGON,2024-03-13,39
ALVARO OBREGON,2024-03-14,39
ALVARO OBREGON,2024-03-15,39
ALVARO OBREGON,2024-03-16,39
ALVARO OBREGON,2024-03-17,39
ALVARO OBREGON,2024-03-18,39
ALVARO OBREGON,2024-03-19,39
ALVARO OBREGON,2024-03-20,39
ALVARO OBREGON,2024-03-21,39
ALVARO OBREGON,2024-03-22,39
ALVARO OBREGON,2024-03-23,39
ALVARO OBREGON,2024-03-24,39
ALVARO OBREGON,2024-03-25,39
ALVARO OBREGON,2024-03-26,39
ALVARO OBREGON,2024-03-27,39
ALVARO OBREGON,2024-03-28,39
ALVARO OBREGON,2024-03-29,40
ALVARO OBREGON,2024-03-30,40
ALVARO OBREGON,2024-03-31,40
ALVARO OBREGON,2024-04-01,40
ALVARO OBREGON,2024-04-02,40
ALVARO OBREGON,2024-04-03,40
ALVARO OBREGON,2024-04-04,40
ALVARO OBREGON,2024-04-05,40
ALVARO OBREGON,2024-04-06,40
ALVARO OBREGON,2024-04-07,40
ALVARO OBREGON,2024-04-08,40
ALVARO OBREGON,2024-04-09,40
ALVARO OBREGON,2024-04-10,40
ALVARO OBREGON,2024-04-11,40
ALVARO OBREGON,2024-04-12,40
ALVARO OBREGON,2024-04-13,40
ALVARO OBREGON,2024-04-14,40
ALVARO OBREGON,2024-04-15,40
ALVARO OBREGON,2024-04-16,40
ALVARO OBREGON,2024-04-17,40
ALVARO OBREGON,2024-04-18,40
ALVARO OBREGON,2024-04-19,40
ALVARO OBREGON,2024-04-20,40
ALVARO OBREGON,2024-04-21,40
ALVARO OBREGON,2024-04-22,40
ALVARO OBREGON,2024-04-23,40
ALVARO OBREGON,2024-04-24,40
ALVARO OBREGON,2024-04-25,40
ALVARO OBREGON,2024-04-26,40
ALVARO OBREGON,2024-04-27,40
ALVARO OBREGON,2024-04-28,40
ALVARO OBREGON,2024-04-29,40
ALVARO OBREGON,2024-04-30,40
ALVARO OBREGON,2024-05-01,40
ALVARO OBREGON,2024-05-02,40
ALVARO OBREGON,2024-05-03,40
ALVARO OBREGON,2024-05-04,40
ALVARO OBREGON,2024-05-05,40
ALVARO OBREGON,2024-05-06,40
ALVARO OBREGON,2024-05-07,40
ALVARO OBREGON,2024-05-08,40
ALVARO OBREGON,2024-05-09,40
ALVARO OBREGON,2024-05-10,40
ALVARO OBREGON,2024-05-11,40
ALVARO OBREGON,2024-05-12,40
ALVARO OBREGON,2024-05-13,40
ALVARO OBREGON,2024-05-14,40
ALVARO OBREGON,2024-05-15,40
ALVARO OBREGON,2024-05-16,40
ALVARO OBREGON,2024-05-17,40
ALVARO OBREGON,2024-05-18,40
ALVARO OBREGON,2024-05-19,40
ALVARO OBREGON,2024-05-20,40
ALVARO OBREGON,2024-05-21,40
ALVARO OBREGON,2024-05-22,40
ALVARO OBREGON,2024-05-23,40
ALVARO OBREGON,2024-05-24,40
ALVARO OBREGON,2024-05-25,40
ALVARO OBREGON,2024-05-26,40
ALVARO OBREGON,2024-05-27,40
ALVARO OBREGON,2024-05-28,40
ALVARO OBREGON,2024-05-29,40
ALVARO OBREGON,2024-05-30,40
ALVARO OBREGON,2024-05-31,40
ALVARO OBREGON,2024-06-01,40
ALVARO OBREGON,2024-06-02,40
ALVARO OBREGON,2024-06-03,40
ALVARO OBREGON,2024-06-04,40
ALVARO OBREGON,2024-06-05,40
ALVARO OBREGON,2024-06-06,40
ALVARO OBREGON,2024-06-07,41
ALVARO OBREGON,2024-06-08,41
ALVARO OBREGON,2024-06-09,41
ALVARO OBREGON,2024-06-10,41
ALVARO OBREGON,2024-06-11,41
ALVARO OBREGON,2024-06-12,41
ALVARO OBREGON,2024-06-13,41
ALVARO OBREGON,2024-06-14,41
ALVARO OBREGON,2024-06-15,41
ALVARO OBREGON,2024-06-16,41
ALVARO OBREGON,2024-06-17,41
ALVARO OBREGON,2024-06-18,41
ALVARO OBREGON,2024-06-19,41
ALVARO OBREGON,2024-06-20,41
ALVARO OBREGON,2024-06-21,41
ALVARO OBREGON,2024-06-22,41
ALVARO OBREGON,2024-06-23,41
ALVARO OBREGON,2024-06-24,41
ALVARO OBREGON,2024-06-25,41
ALVARO OBREGON,2024-06-26,41
ALVARO OBREGON,2024-06-27,41
ALVARO OBREGON,2024-06-28,41
VENUSTIANO CARRANZA,2024-01-01,31
VENUSTIANO CARRANZA,2024-01-02,32
VENUSTIANO CARRANZA,2024-01-03,33
VENUSTIANO CARRANZA,2024-01-04,34
VENUSTIANO CARRANZA,2024-01-05,35
VENUSTIANO CARRANZA,2024-01-06,33
VENUSTIANO CARRANZA,2024-01-07,32
VENUSTIANO CARRANZA,2024-01-08,31
VENUSTIANO CARRANZA,2024-01-09,32
VENUSTIANO CARRANZA,2024-01-10,32
VENUSTIANO CARRANZA,2024-01-11,31
VENUSTIANO CARRANZA,2024-01-12,32
VENUSTIANO CARRANZA,2024-01-13,33
VENUSTIANO CARRANZA,2024-01-14,32
VENUSTIANO CARRANZA,2024-01-15,30
VENUSTIANO CARRANZA,2024-01-16,29
VENUSTIANO CARRANZA,2024-01-17,30
VENUSTIANO CARRANZA,2024-01-18,29
VENUSTIANO CARRANZA,2024-01-19,28
VENUSTIANO CARRANZA,2024-01-20,28
VENUSTIANO CARRANZA,2024-01-21,28
VENUSTIANO CARRANZA,2024-01-22,28
VENUSTIANO CARRANZA,2024-01-23,28
VENUSTIANO CARRANZA,2024-01-24,30
VENUSTIANO CARRANZA,2024-01-25,30
VENUSTIANO CARRANZA,2024-01-26,30
VENUSTIANO CARRANZA,2024-01-27,30
VENUSTIANO CARRANZA,2024-01-28,31
VENUSTIANO CARRANZA,2024-01-29,32
VENUSTIANO CARRANZA,2024-01-30,33
VENUSTIANO CARRANZA,2024-01-31,33
VENUSTIANO CARRANZA,2024-02-01,32
VENUSTIANO CARRANZA,2024-02-02,32
VENUSTIANO CARRANZA,2024-02-03,32
VENUSTIANO CARRANZA,2024-02-04,31
VENUSTIANO CARRANZA,2024-02-05,32
VENUSTIANO CARRANZA,2024-02-06,32
VENUSTIANO CARRANZA,2024-02-07,32
VENUSTIANO CARRANZA,2024-02-08,32
VENUSTIANO CARRANZA,2024-02-09,31
VENUSTIANO CARRANZA,2024-02-10,31
VENUSTIANO CARRANZA,2024-02-11,31
VENUSTIANO CARRANZA,2024-02-12,31
VENUSTIANO CARRANZA,2024-02-13,30
VENUSTIANO CARRANZA,2024-02-14,30
VENUSTIANO CARRANZA,2024-02-15,30
VENUSTIANO CARRANZA,2024-02-16,30
VENUSTIANO CARRANZA,2024-02-17,30
VENUSTIANO CARRANZA,2024-02-18,31
VENUSTIANO CARRANZA,2024-02-19,31
VENUSTIANO CARRANZA,2024-02-20,31
VENUSTIANO CARRANZA,2024-02-21,32
VENUSTIANO CARRANZA,2024-02-22,32
VENUSTIANO CARRANZA,2024-02-23,32
VENUSTIANO CARRANZA,2024-02-24,32
VENUSTIANO CARRANZA,2024-02-25,32
VENUSTIANO CARRANZA,2024-02-26,33
VENUSTIANO CARRANZA,2024-02-27,32
VENUSTIANO CARRANZA,2024-02-28,32
VENUSTIANO CARRANZA,2024-02-29,32
VENUSTIANO CARRANZA,2024-03-01,32
VENUSTIANO CARRANZA,2024-03-02,32
VENUSTIANO CARRANZA,2024-03-03,32
VENUSTIANO CARRANZA,2024-03-04,32
VENUSTIANO CARRANZA,2024-03-05,32
VENUSTIANO CARRANZA,2024-03-06,31
VENUSTIANO CARRANZA,2024-03-07,31
VENUSTIANO CARRANZA,2024-03-08,31
VENUSTIANO CARRANZA,2024-03-09,31
VENUSTIANO CARRANZA,2024-03-10,31
VENUSTIANO CARRANZA,2024-03-11,31
VENUSTIANO CARRANZA,2024-03-12,31
VENUSTIANO CARRANZA,2024-03-13,31
VENUSTIANO CARRANZA,2024-03-14,31
VENUSTIANO CARRANZA,2024-03-15,32
VENUSTIANO CARRANZA,2024-03-16,32
VENUSTIANO CARRANZA,2024-03-17,32
VENUSTIANO CARRANZA,2024-03-18,32
VENUSTIANO CARRANZA,2024-03-19,32
VENUSTIANO CARRANZA,2024-03-20,32
VENUSTIANO CARRANZA,2024-03-21,32
VENUSTIANO CARRANZA,2024-03-22,32
VENUSTIANO CARRANZA,2024-03-23,32
VENUSTIANO CARRANZA,2024-03-24,32
VENUSTIANO CARRANZA,2024-03-25,32
VENUSTIANO CARRANZA,2024-03-26,32
VENUSTIANO CARRANZA,2024-03-27,32
VENUSTIANO CARRANZA,2024-03-28,32
VENUSTIANO CARRANZA,2024-03-29,32
VENUSTIANO CARRANZA,2024-03-30,32
VENUSTIANO CARRANZA,2024-03-31,32
VENUSTIANO CARRANZA,2024-04-01,32
VENUSTIANO CARRANZA,2024-04-02,32
VENUSTIANO CARRANZA,2024-04-03,31
VENUSTIANO CARRANZA,2024-04-04,31
VENUSTIANO CARRANZA,2024-04-05,31
VENUSTIANO CARRANZA,2024-04-06,31
VENUSTIANO CARRANZA,2024-04-07,31
VENUSTIANO CARRANZA,2024-04-08,32
VENUSTIANO CARRANZA,2024-04-09,32
VENUSTIANO CARRANZA,2024-04-10,32
VENUSTIANO CARRANZA,2024-04-11,32
VENUSTIANO CARRANZA,2024-04-12,32
VENUSTIANO CARRANZA,2024-04-13,32
VENUSTIANO CARRANZA,2024-04-14,32
VENUSTIANO CARRANZA,2024-04-15,32
VENUSTIANO CARRANZA,2024-04-16,32
VENUSTIANO CARRANZA,2024-04-17,32
VENUSTIANO CARRANZA,2024-04-18,32
VENUSTIANO CARRANZA,2024-04-19,32
VENUSTIANO CARRANZA,2024-04-20,32
VENUSTIANO CARRANZA,2024-04-21,32
VENUSTIANO CARRANZA,2024-04-22,32
VENUSTIANO CARRANZA,2024-04-23,32
VENUSTIANO CARRANZA,2024-04-24,32
VENUSTIANO CARRANZA,2024-04-25,32
VENUSTIANO CARRANZA,2024-04-26,32
VENUSTIANO CARRANZA,2024-04-27,32
VENUSTIANO CARRANZA,2024-04-28,32
VENUSTIANO CARRANZA,2024-04-29,32
VENUSTIANO CARRANZA,2024-04-30,32
VENUSTIANO CARRANZA,2024-05-01,32
VENUSTIANO CARRANZA,2024-05-02,32
VENUSTIANO CARRANZA,2024-05-03,32
VENUSTIANO CARRANZA,2024-05-04,32
VENUSTIANO CARRANZA,2024-05-05,32
VENUSTIANO CARRANZA,2024-05-06,32
VENUSTIANO CARRANZA,2024-05-07,32
VENUSTIANO CARRANZA,2024-05-08,32
VENUSTIANO CARRANZA,2024-05-09,32
VENUSTIANO CARRANZA,2024-05-10,32
VENUSTIANO CARRANZA,2024-05-11,32
VENUSTIANO CARRANZA,2024-05-12,32
VENUSTIANO CARRANZA,2024-05-13,32
VENUSTIANO CARRANZA,2024-05-14,32
VENUSTIANO CARRANZA,2024-05-15,32
VENUSTIANO CARRANZA,2024-05-16,32
VENUSTIANO CARRANZA,2024-05-17,32
VENUSTIANO CARRANZA,2024-05-18,32
VENUSTIANO CARRANZA,2024-05-19,32
VENUSTIANO CARRANZA,2024-05-20,32
VENUSTIANO CARRANZA,2024-05-21,32
VENUSTIANO CARRANZA,2024-05-22,32
VENUSTIANO CARRANZA,2024-05-23,32
VENUSTIANO CARRANZA,2024-05-24,32
VENUSTIANO CARRANZA,2024-05-25,32
VENUSTIANO CARRANZA,2024-05-26,32
VENUSTIANO CARRANZA,2024-05-27,32
VENUSTIANO CARRANZA,2024-05-28,32
VENUSTIANO CARRANZA,2024-05-29,32
VENUSTIANO CARRANZA,2024-05-30,32
VENUSTIANO CARRANZA,2024-05-31,32
VENUSTIANO CARRANZA,2024-06-01,32
VENUSTIANO CARRANZA,2024-06-02,32
VENUSTIANO CARRANZA,2024-06-03,32
VENUSTIANO CARRANZA,2024-06-04,32
VENUSTIANO CARRANZA,2024-06-05,32
VENUSTIANO CARRANZA,2024-06-06,32
VENUSTIANO CARRANZA,2024-06-07,32
VENUSTIANO CARRANZA,2024-06-08,32
VENUSTIANO CARRANZA,2024-06-09,32
VENUSTIANO CARRANZA,2024-06-10,32
VENUSTIANO CARRANZA,2024-06-11,32
VENUSTIANO CARRANZA,2024-06-12,32
VENUSTIANO CARRANZA,2024-06-13,32
VENUSTIANO CARRANZA,2024-06-14,32
VENUSTIANO CARRANZA,2024-06-15,32
VENUSTIANO CARRANZA,2024-06-16,32
VENUSTIANO CARRANZA,2024-06-17,32
VENUSTIANO CARRANZA,2024-06-18,32
VENUSTIANO CARRANZA,2024-06-19,32
VENUSTIANO CARRANZA,2024-06-20,32
VENUSTIANO CARRANZA,2024-06-21,32
VENUSTIANO CARRANZA,2024-06-22,32
VENUSTIANO CARRANZA,2024-06-23,32
VENUSTIANO CARRANZA,2024-06-24,32
VENUSTIANO CARRANZA,2024-06-25,32
VENUSTIANO CARRANZA,2024-06-26,32
VENUSTIANO CARRANZA,2024-06-27,32
VENUSTIANO CARRANZA,2024-06-28,32
MIGUEL HIDALGO,2024-01-01,36
MIGUEL HIDALGO,2024-01-02,41
MIGUEL HIDALGO,2024-01-03,39
MIGUEL HIDALGO,2024-01-04,39
MIGUEL HIDALGO,2024-01-05,41
MIGUEL HIDALGO,2024-01-06,39
MIGUEL HIDALGO,2024-01-07,32
MIGUEL HIDALGO,2024-01-08,36
MIGUEL HIDALGO,2024-01-09,37
MIGUEL HIDALGO,2024-01-10,35
MIGUEL HIDALGO,2024-01-11,44
MIGUEL HIDALGO,2024-01-12,44
MIGUEL HIDALGO,2024-01-13,38
MIGUEL HIDALGO,2024-01-14,29
MIGUEL HIDALGO,2024-01-15,39
MIGUEL HIDALGO,2024-01-16,40
MIGUEL HIDALGO,2024-01-17,39
MIGUEL HIDALGO,2024-01-18,42
MIGUEL HIDALGO,2024-01-19,42
MIGUEL HIDALGO,2024-01-20,40
MIGUEL HIDALGO,2024-01-21,38
MIGUEL HIDALGO,2024-01-22,34
MIGUEL HIDALGO,2024-01-23,40
MIGUEL HIDALGO,2024-01-24,42
MIGUEL HIDALGO,2024-01-25,41
MIGUEL HIDALGO,2024-01-26,40
MIGUEL HIDALGO,2024-01-27,39
MIGUEL HIDALGO,2024-01-28,36
MIGUEL HIDALGO,2024-01-29,41
MIGUEL HIDALGO,2024-01-30,45
MIGUEL HIDALGO,2024-01-31,44
MIGUEL HIDALGO,2024-02-01,43
MIGUEL HIDALGO,2024-02-02,43
MIGUEL HIDALGO,2024-02-03,43
MIGUEL HIDALGO,2024-02-04,41
MIGUEL HIDALGO,2024-02-05,41
MIGUEL HIDALGO,2024-02-06,43
MIGUEL HIDALGO,2024-02-07,43
MIGUEL HIDALGO,2024-02-08,45
MIGUEL HIDALGO,2024-02-09,46
MIGUEL HIDALGO,2024-02-10,44
MIGUEL HIDALGO,2024-02-11,41
MIGUEL HIDALGO,2024-02-12,42
MIGUEL HIDALGO,2024-02-13,45
MIGUEL HIDALGO,2024-02-14,44
MIGUEL HIDALGO,2024-02-15,45
MIGUEL HIDALGO,2024-02-16,45
MIGUEL HIDALGO,2024-02-17,45
MIGUEL HIDALGO,2024-02-18,44
MIGUEL HIDALGO,2024-02-19,43
MIGUEL HIDALGO,2024-02-20,44
MIGUEL HIDALGO,2024-02-21,46
MIGUEL HIDALGO,2024-02-22,46
MIGUEL HIDALGO,2024-02-23,45
MIGUEL HIDALGO,2024-02-24,45
MIGUEL HIDALGO,2024-02-25,44
MIGUEL HIDALGO,2024-02-26,45
MIGUEL HIDALGO,2024-02-27,47
MIGUEL HIDALGO,2024-02-28,47
MIGUEL HIDALGO,2024-02-29,46
MIGUEL HIDALGO,2024-03-01,46
MIGUEL HIDALGO,2024-03-02,46
MIGUEL HIDALGO,2024-03-03,46
MIGUEL HIDALGO,2024-03-04,46
MIGUEL HIDALGO,2024-03-05,46
MIGUEL HIDALGO,2024-03-06,47
MIGUEL HIDALGO,2024-03-07,47
MIGUEL HIDALGO,2024-03-08,48
MIGUEL HIDALGO,2024-03-09,47
MIGUEL HIDALGO,2024-03-10,46
MIGUEL HIDALGO,2024-03-11,46
MIGUEL HIDALGO,2024-03-12,47
MIGUEL HIDALGO,2024-03-13,48
MIGUEL HIDALGO,2024-03-14,47
MIGUEL HIDALGO,2024-03-15,48
MIGUEL HIDALGO,2024-03-16,47
MIGUEL HIDALGO,2024-03-17,47
MIGUEL HIDALGO,2024-03-18,47
MIGUEL HIDALGO,2024-03-19,47
MIGUEL HIDALGO,2024-03-20,48
MIGUEL HIDALGO,2024-03-21,48
MIGUEL HIDALGO,2024-03-22,48
MIGUEL HIDALGO,2024-03-23,48
MIGUEL HIDALGO,2024-03-24,48
MIGUEL HIDALGO,2024-03-25,48
MIGUEL HIDALGO,2024-03-26,49
MIGUEL HIDALGO,2024-03-27,49
MIGUEL HIDALGO,2024-03-28,48
MIGUEL HIDALGO,2024-03-29,48
MIGUEL HIDALGO,2024-03-30,49
MIGUEL HIDALGO,2024-03-31,48
MIGUEL HIDALGO,2024-04-01,48
MIGUEL HIDALGO,2024-04-02,49
MIGUEL HIDALGO,2024-04-03,49
MIGUEL HIDALGO,2024-04-04,49
MIGUEL HIDALGO,2024-04-05,49
MIGUEL HIDALGO,2024-04-06,49
MIGUEL HIDALGO,2024-04-07,49
MIGUEL HIDALGO,2024-04-08,49
MIGUEL HIDALGO,2024-04-09,49
MIGUEL HIDALGO,2024-04-10,50
MIGUEL HIDALGO,2024-04-11,49
MIGUEL HIDALGO,2024-04-12,49
MIGUEL HIDALGO,2024-04-13,49
MIGUEL HIDALGO,2024-04-14,49
MIGUEL HIDALGO,2024-04-15,49
MIGUEL HIDALGO,2024-04-16,50
MIGUEL HIDALGO,2024-04-17,50
MIGUEL HIDALGO,2024-04-18,50
MIGUEL HIDALGO,2024-04-19,50
MIGUEL HIDALGO,2024-04-20,50
MIGUEL HIDALGO,2024-04-21,50
MIGUEL HIDALGO,2024-04-22,50
MIGUEL HIDALGO,2024-04-23,50
MIGUEL HIDALGO,2024-04-24,50
MIGUEL HIDALGO,2024-04-25,50
MIGUEL HIDALGO,2024-04-26,50
MIGUEL HIDALGO,2024-04-27,50
MIGUEL HIDALGO,2024-04-28,50
MIGUEL HIDALGO,2024-04-29,50
MIGUEL HIDALGO,2024-04-30,50
MIGUEL HIDALGO,2024-05-01,51
MIGUEL HIDALGO,2024-05-02,51
MIGUEL HIDALGO,2024-05-03,51
MIGUEL HIDALGO,2024-05-04,51
MIGUEL HIDALGO,2024-05-05,50
MIGUEL HIDALGO,2024-05-06,51
MIGUEL HIDALGO,2024-05-07,51
MIGUEL HIDALGO,2024-05-08,51
MIGUEL HIDALGO,2024-05-09,51
MIGUEL HIDALGO,2024-05-10,51
MIGUEL HIDALGO,2024-05-11,51
MIGUEL HIDALGO,2024-05-12,51
MIGUEL HIDALGO,2024-05-13,51
MIGUEL HIDALGO,2024-05-14,51
MIGUEL HIDALGO,2024-05-15,51
MIGUEL HIDALGO,2024-05-16,51
MIGUEL HIDALGO,2024-05-17,51
MIGUEL HIDALGO,2024-05-18,51
MIGUEL HIDALGO,2024-05-19,51
MIGUEL HIDALGO,2024-05-20,52
MIGUEL HIDALGO,2024-05-21,52
MIGUEL HIDALGO,2024-05-22,52
MIGUEL HIDALGO,2024-05-23,51
MIGUEL HIDALGO,2024-05-24,52
MIGUEL HIDALGO,2024-05-25,52
MIGUEL HIDALGO,2024-05-26,52
MIGUEL HIDALGO,2024-05-27,52
MIGUEL HIDALGO,2024-05-28,52
MIGUEL HIDALGO,2024-05-29,52
MIGUEL HIDALGO,2024-05-30,52
MIGUEL HIDALGO,2024-05-31,52
MIGUEL HIDALGO,2024-06-01,52
MIGUEL HIDALGO,2024-06-02,52
MIGUEL HIDALGO,2024-06-03,52
MIGUEL HIDALGO,2024-06-04,52
MIGUEL HIDALGO,2024-06-05,52
MIGUEL HIDALGO,2024-06-06,52
MIGUEL HIDALGO,2024-06-07,52
MIGUEL HIDALGO,2024-06-08,52
MIGUEL HIDALGO,2024-06-09,52
MIGUEL HIDALGO,2024-06-10,52
MIGUEL HIDALGO,2024-06-11,53
MIGUEL HIDALGO,2024-06-12,53
MIGUEL HIDALGO,2024-06-13,53
MIGUEL HIDALGO,2024-06-14,53
MIGUEL HIDALGO,2024-06-15,53
MIGUEL HIDALGO,2024-06-16,53
MIGUEL HIDALGO,2024-06-17,53
MIGUEL HIDALGO,2024-06-18,53
MIGUEL HIDALGO,2024-06-19,53
MIGUEL HIDALGO,2024-06-20,53
MIGUEL HIDALGO,2024-06-21,53
MIGUEL HIDALGO,2024-06-22,53
MIGUEL HIDALGO,2024-06-23,53
MIGUEL HIDALGO,2024-06-24,53
MIGUEL HIDALGO,2024-06-25,53
MIGUEL HIDALGO,2024-06-26,53
MIGUEL HIDALGO,2024-06-27,53
MIGUEL HIDALGO,2024-06-28,53
BENITO JUAREZ,2024-01-01,35
BENITO JUAREZ,2024-01-02,39
BENITO JUAREZ,2024-01-03,42
BENITO JUAREZ,2024-01-04,43
BENITO JUAREZ,2024-01-05,39
BENITO JUAREZ,2024-01-06,36
BENITO JUAREZ,2024-01-07,35
BENITO JUAREZ,2024-01-08,38
BENITO JUAREZ,2024-01-09,38
BENITO JUAREZ,2024-01-10,39
BENITO JUAREZ,2024-01-11,40
BENITO JUAREZ,2024-01-12,37
BENITO JUAREZ,2024-01-13,35
BENITO JUAREZ,2024-01-14,37
BENITO JUAREZ,2024-01-15,38
BENITO JUAREZ,2024-01-16,38
BENITO JUAREZ,2024-01-17,40
BENITO JUAREZ,2024-01-18,37
BENITO JUAREZ,2024-01-19,35
BENITO JUAREZ,2024-01-20,37
BENITO JUAREZ,2024-01-21,36
BENITO JUAREZ,2024-01-22,37
BENITO JUAREZ,2024-01-23,39
BENITO JUAREZ,2024-01-24,41
BENITO JUAREZ,2024-01-25,38
BENITO JUAREZ,2024-01-26,37
BENITO JUAREZ,2024-01-27,37
BENITO JUAREZ,2024-01-28,37
BENITO JUAREZ,2024-01-29,39
BENITO JUAREZ,2024-01-30,42
BENITO JUAREZ,2024-01-31,40
BENITO JUAREZ,2024-02-01,38
BENITO JUAREZ,2024-02-02,38
BENITO JUAREZ,2024-02-03,38
BENITO JUAREZ,2024-02-04,38
BENITO JUAREZ,2024-02-05,39
BENITO JUAREZ,2024-02-06,40
BENITO JUAREZ,2024-02-07,39
BENITO JUAREZ,2024-02-08,38
BENITO JUAREZ,2024-02-09,39
BENITO JUAREZ,2024-02-10,38
BENITO JUAREZ,2024-02-11,38
BENITO JUAREZ,2024-02-12,39
BENITO JUAREZ,2024-02-13,39
BENITO JUAREZ,2024-02-14,39
BENITO JUAREZ,2024-02-15,39
BENITO JUAREZ,2024-02-16,39
BENITO JUAREZ,2024-02-17,39
BENITO JUAREZ,2024-02-18,39
BENITO JUAREZ,2024-02-19,39
BENITO JUAREZ,2024-02-20,39
BENITO JUAREZ,2024-02-21,39
BENITO JUAREZ,2024-02-22,39
BENITO JUAREZ,2024-02-23,39
BENITO JUAREZ,2024-02-24,39
BENITO JUAREZ,2024-02-25,39
BENITO JUAREZ,2024-02-26,39
BENITO JUAREZ,2024-02-27,39
BENITO JUAREZ,2024-02-28,39
BENITO JUAREZ,2024-02-29,39
BENITO JUAREZ,2024-03-01,39
BENITO JUAREZ,2024-03-02,39
BENITO JUAREZ,2024-03-03,39
BENITO JUAREZ,2024-03-04,39
BENITO JUAREZ,2024-03-05,39
BENITO JUAREZ,2024-03-06,39
BENITO JUAREZ,2024-03-07,39
BENITO JUAREZ,2024-03-08,39
BENITO JUAREZ,2024-03-09,39
BENITO JUAREZ,2024-03-10,39
BENITO JUAREZ,2024-03-11,39
BENITO JUAREZ,2024-03-12,40
BENITO JUAREZ,2024-03-13,39
BENITO JUAREZ,2024-03-14,39
BENITO JUAREZ,2024-03-15,39
BENITO JUAREZ,2024-03-16,39
BENITO JUAREZ,2024-03-17,39
BENITO JUAREZ,2024-03-18,40
BENITO JUAREZ,2024-03-19,40
BENITO JUAREZ,2024-03-20,40
BENITO JUAREZ,2024-03-21,39
BENITO JUAREZ,2024-03-22,39
BENITO JUAREZ,2024-03-23,39
BENITO JUAREZ,2024-03-24,40
BENITO JUAREZ,2024-03-25,40
BENITO JUAREZ,2024-03-26,40
BENITO JUAREZ,2024-03-27,40
BENITO JUAREZ,2024-03-28,40
BENITO JUAREZ,2024-03-29,40
BENITO JUAREZ,2024-03-30,40
BENITO JUAREZ,2024-03-31,40
BENITO JUAREZ,2024-04-01,40
BENITO JUAREZ,2024-04-02,40
BENITO JUAREZ,2024-04-03,40
BENITO JUAREZ,2024-04-04,40
BENITO JUAREZ,2024-04-05,40
BENITO JUAREZ,2024-04-06,40
BENITO JUAREZ,2024-04-07,40
BENITO JUAREZ,2024-04-08,40
BENITO JUAREZ,2024-04-09,40
BENITO JUAREZ,2024-04-10,40
BENITO JUAREZ,2024-04-11,40
BENITO JUAREZ,2024-04-12,40
BENITO JUAREZ,2024-04-13,40
BENITO JUAREZ,2024-04-14,40
BENITO JUAREZ,2024-04-15,40
BENITO JUAREZ,2024-04-16,40
BENITO JUAREZ,2024-04-17,40
BENITO JUAREZ,2024-04-18,40
BENITO JUAREZ,2024-04-19,40
BENITO JUAREZ,2024-04-20,40
BENITO JUAREZ,2024-04-21,40
BENITO JUAREZ,2024-04-22,40
BENITO JUAREZ,2024-04-23,40
BENITO JUAREZ,2024-04-24,40
BENITO JUAREZ,2024-04-25,40
BENITO JUAREZ,2024-04-26,40
BENITO JUAREZ,2024-04-27,40
BENITO JUAREZ,2024-04-28,40
BENITO JUAREZ,2024-04-29,40
BENITO JUAREZ,2024-04-30,40
BENITO JUAREZ,2024-05-01,40
BENITO JUAREZ,2024-05-02,40
BENITO JUAREZ,2024-05-03,40
BENITO JUAREZ,2024-05-04,40
BENITO JUAREZ,2024-05-05,40
BENITO JUAREZ,2024-05-06,40
BENITO JUAREZ,2024-05-07,40
BENITO JUAREZ,2024-05-08,40
BENITO JUAREZ,2024-05-09,40
BENITO JUAREZ,2024-05-10,40
BENITO JUAREZ,2024-05-11,40
BENITO JUAREZ,2024-05-12,40
BENITO JUAREZ,2024-05-13,40
BENITO JUAREZ,2024-05-14,40
BENITO JUAREZ,2024-05-15,40
BENITO JUAREZ,2024-05-16,40
BENITO JUAREZ,2024-05-17,40
BENITO JUAREZ,2024-05-18,40
BENITO JUAREZ,2024-05-19,40
BENITO JUAREZ,2024-05-20,40
BENITO JUAREZ,2024-05-21,40
BENITO JUAREZ,2024-05-22,40
BENITO JUAREZ,2024-05-23,40
BENITO JUAREZ,2024-05-24,40
BENITO JUAREZ,2024-05-25,40
BENITO JUAREZ,2024-05-26,40
BENITO JUAREZ,2024-05-27,40
BENITO JUAREZ,2024-05-28,40
BENITO JUAREZ,2024-05-29,40
BENITO JUAREZ,2024-05-30,40
BENITO JUAREZ,2024-05-31,40
BENITO JUAREZ,2024-06-01,40
BENITO JUAREZ,2024-06-02,40
BENITO JUAREZ,2024-06-03,40
BENITO JUAREZ,2024-06-04,40
BENITO JUAREZ,2024-06-05,40
BENITO JUAREZ,2024-06-06,40
BENITO JUAREZ,2024-06-07,40
BENITO JUAREZ,2024-06-08,40
BENITO JUAREZ,2024-06-09,40
BENITO JUAREZ,2024-06-10,40
BENITO JUAREZ,2024-06-11,40
BENITO JUAREZ,2024-06-12,40
BENITO JUAREZ,2024-06-13,40
BENITO JUAREZ,2024-06-14,40
BENITO JUAREZ,2024-06-15,40
BENITO JUAREZ,2024-06-16,40
BENITO JUAREZ,2024-06-17,40
BENITO JUAREZ,2024-06-18,40
BENITO JUAREZ,2024-06-19,40
BENITO JUAREZ,2024-06-20,40
BENITO JUAREZ,2024-06-21,40
BENITO JUAREZ,2024-06-22,40
BENITO JUAREZ,2024-06-23,40
BENITO JUAREZ,2024-06-24,40
BENITO JUAREZ,2024-06-25,40
BENITO JUAREZ,2024-06-26,40
BENITO JUAREZ,2024-06-27,40
BENITO JUAREZ,2024-06-28,40
TLALPAN,2024-01-01,33
TLALPAN,2024-01-02,32
TLALPAN,2024-01-03,35
TLALPAN,2024-01-04,33
TLALPAN,2024-01-05,34
TLALPAN,2024-01-06,31
TLALPAN,2024-01-07,33
TLALPAN,2024-01-08,33
TLALPAN,2024-01-09,34
TLALPAN,2024-01-10,38
TLALPAN,2024-01-11,34
TLALPAN,2024-01-12,34
TLALPAN,2024-01-13,39
TLALPAN,2024-01-14,38
TLALPAN,2024-01-15,35
TLALPAN,2024-01-16,38
TLALPAN,2024-01-17,36
TLALPAN,2024-01-18,35
TLALPAN,2024-01-19,33
TLALPAN,2024-01-20,30
TLALPAN,2024-01-21,28
TLALPAN,2024-01-22,35
TLALPAN,2024-01-23,37
TLALPAN,2024-01-24,36
TLALPAN,2024-01-25,32
TLALPAN,2024-01-26,36
TLALPAN,2024-01-27,33
TLALPAN,2024-01-28,30
TLALPAN,2024-01-29,37
TLALPAN,2024-01-30,32
TLALPAN,2024-01-31,35
TLALPAN,2024-02-01,34
TLALPAN,2024-02-02,35
TLALPAN,2024-02-03,34
TLALPAN,2024-02-04,34
TLALPAN,2024-02-05,34
TLALPAN,2024-02-06,35
TLALPAN,2024-02-07,36
TLALPAN,2024-02-08,36
TLALPAN,2024-02-09,38
TLALPAN,2024-02-10,37
TLALPAN,2024-02-11,38
TLALPAN,2024-02-12,39
TLALPAN,2024-02-13,38
TLALPAN,2024-02-14,37
TLALPAN,2024-02-15,37
TLALPAN,2024-02-16,35
TLALPAN,2024-02-17,34
TLALPAN,2024-02-18,33
TLALPAN,2024-02-19,33
TLALPAN,2024-02-20,33
TLALPAN,2024-02-21,37
TLALPAN,2024-02-22,36
TLALPAN,2024-02-23,36
TLALPAN,2024-02-24,34
TLALPAN,2024-02-25,35
TLALPAN,2024-02-26,34
TLALPAN,2024-02-27,34
TLALPAN,2024-02-28,36
TLALPAN,2024-02-29,35
TLALPAN,2024-03-01,36
TLALPAN,2024-03-02,36
TLALPAN,2024-03-03,36
TLALPAN,2024-03-04,35
TLALPAN,2024-03-05,36
TLALPAN,2024-03-06,36
TLALPAN,2024-03-07,37
TLALPAN,2024-03-08,38
TLALPAN,2024-03-09,39
TLALPAN,2024-03-10,39
TLALPAN,2024-03-11,39
TLALPAN,2024-03-12,39
TLALPAN,2024-03-13,39
TLALPAN,2024-03-14,38
TLALPAN,2024-03-15,37
TLALPAN,2024-03-16,36
TLALPAN,2024-03-17,35
TLALPAN,2024-03-18,35
TLALPAN,2024-03-19,34
TLALPAN,2024-03-20,36
TLALPAN,2024-03-21,36
TLALPAN,2024-03-22,37
TLALPAN,2024-03-23,37
TLALPAN,2024-03-24,36
TLALPAN,2024-03-25,36
TLALPAN,2024-03-26,36
TLALPAN,2024-03-27,36
TLALPAN,2024-03-28,37
TLALPAN,2024-03-29,38
TLALPAN,2024-03-30,37
TLALPAN,2024-03-31,38
TLALPAN,2024-04-01,38
TLALPAN,2024-04-02,38
TLALPAN,2024-04-03,38
TLALPAN,2024-04-04,38
TLALPAN,2024-04-05,39
TLALPAN,2024-04-06,40
TLALPAN,2024-04-07,40
TLALPAN,2024-04-08,40
TLALPAN,2024-04-09,40
TLALPAN,2024-04-10,40
TLALPAN,2024-04-11,40
TLALPAN,2024-04-12,39
TLALPAN,2024-04-13,38
TLALPAN,2024-04-14,38
TLALPAN,2024-04-15,37
TLALPAN,2024-04-16,37
TLALPAN,2024-04-17,37
TLALPAN,2024-04-18,37
TLALPAN,2024-04-19,38
TLALPAN,2024-04-20,38
TLALPAN,2024-04-21,39
TLALPAN,2024-04-22,38
TLALPAN,2024-04-23,38
TLALPAN,2024-04-24,38
TLALPAN,2024-04-25,39
TLALPAN,2024-04-26,39
TLALPAN,2024-04-27,39
TLALPAN,2024-04-28,40
TLALPAN,2024-04-29,39
TLALPAN,2024-04-30,40
TLALPAN,2024-05-01,40
TLALPAN,2024-05-02,40
TLALPAN,2024-05-03,40
TLALPAN,2024-05-04,41
TLALPAN,2024-05-05,42
TLALPAN,2024-05-06,42
TLALPAN,2024-05-07,42
TLALPAN,2024-05-08,42
TLALPAN,2024-05-09,42
TLALPAN,2024-05-10,41
TLALPAN,2024-05-11,41
TLALPAN,2024-05-12,40
TLALPAN,2024-05-13,40
TLALPAN,2024-05-14,39
TLALPAN,2024-05-15,39
TLALPAN,2024-05-16,39
TLALPAN,2024-05-17,39
TLALPAN,2024-05-18,40
TLALPAN,2024-05-19,40
TLALPAN,2024-05-20,40
TLALPAN,2024-05-21,41
TLALPAN,2024-05-22,40
TLALPAN,2024-05-23,41
TLALPAN,2024-05-24,41
TLALPAN,2024-05-25,41
TLALPAN,2024-05-26,41
TLALPAN,2024-05-27,42
TLALPAN,2024-05-28,42
TLALPAN,2024-05-29,42
TLALPAN,2024-05-30,42
TLALPAN,2024-05-31,42
TLALPAN,2024-06-01,43
TLALPAN,2024-06-02,43
TLALPAN,2024-06-03,44
TLALPAN,2024-06-04,44
TLALPAN,2024-06-05,44
TLALPAN,2024-06-06,44
TLALPAN,2024-06-07,43
TLALPAN,2024-06-08,43
TLALPAN,2024-06-09,42
TLALPAN,2024-06-10,42
TLALPAN,2024-06-11,42
TLALPAN,2024-06-12,42
TLALPAN,2024-06-13,41
TLALPAN,2024-06-14,42
TLALPAN,2024-06-15,42
TLALPAN,2024-06-16,42
TLALPAN,2024-06-17,43
TLALPAN,2024-06-18,43
TLALPAN,2024-06-19,43
TLALPAN,2024-06-20,43
TLALPAN,2024-06-21,43
TLALPAN,2024-06-22,43
TLALPAN,2024-06-23,44
TLALPAN,2024-06-24,44
TLALPAN,2024-06-25,44
TLALPAN,2024-06-26,44
TLALPAN,2024-06-27,45
TLALPAN,2024-06-28,45
XOCHIMILCO,2024-01-01,17
XOCHIMILCO,2024-01-02,17
XOCHIMILCO,2024-01-03,17
XOCHIMILCO,2024-01-04,17
XOCHIMILCO,2024-01-05,17
XOCHIMILCO,2024-01-06,17
XOCHIMILCO,2024-01-07,17
XOCHIMILCO,2024-01-08,17
XOCHIMILCO,2024-01-09,17
XOCHIMILCO,2024-01-10,17
XOCHIMILCO,2024-01-11,17
XOCHIMILCO,2024-01-12,17
XOCHIMILCO,2024-01-13,17
XOCHIMILCO,2024-01-14,17
XOCHIMILCO,2024-01-15,17
XOCHIMILCO,2024-01-16,17
XOCHIMILCO,2024-01-17,17
XOCHIMILCO,2024-01-18,18
XOCHIMILCO,2024-01-19,18
XOCHIMILCO,2024-01-20,18
XOCHIMILCO,2024-01-21,18
XOCHIMILCO,2024-01-22,18
XOCHIMILCO,2024-01-23,18
XOCHIMILCO,2024-01-24,18
XOCHIMILCO,2024-01-25,18
XOCHIMILCO,2024-01-26,18
XOCHIMILCO,2024-01-27,18
XOCHIMILCO,2024-01-28,18
XOCHIMILCO,2024-01-29,18
XOCHIMILCO,2024-01-30,18
XOCHIMILCO,2024-01-31,18
XOCHIMILCO,2024-02-01,18
XOCHIMILCO,2024-02-02,18
XOCHIMILCO,2024-02-03,18
XOCHIMILCO,2024-02-04,18
XOCHIMILCO,2024-02-05,18
XOCHIMILCO,2024-02-06,18
XOCHIMILCO,2024-02-07,18
XOCHIMILCO,2024-02-08,18
XOCHIMILCO,2024-02-09,18
XOCHIMILCO,2024-02-10,18
XOCHIMILCO,2024-02-11,18
XOCHIMILCO,2024-02-12,18
XOCHIMILCO,2024-02-13,18
XOCHIMILCO,2024-02-14,18
XOCHIMILCO,2024-02-15,18
XOCHIMILCO,2024-02-16,18
XOCHIMILCO,2024-02-17,18
XOCHIMILCO,2024-02-18,18
XOCHIMILCO,2024-02-19,18
XOCHIMILCO,2024-02-20,18
XOCHIMILCO,2024-02-21,18
XOCHIMILCO,2024-02-22,18
XOCHIMILCO,2024-02-23,18
XOCHIMILCO,2024-02-24,18
XOCHIMILCO,2024-02-25,18
XOCHIMILCO,2024-02-26,18
XOCHIMILCO,2024-02-27,18
XOCHIMILCO,2024-02-28,18
XOCHIMILCO,2024-02-29,18
XOCHIMILCO,2024-03-01,18
XOCHIMILCO,2024-03-02,18
XOCHIMILCO,2024-03-03,18
XOCHIMILCO,2024-03-04,18
XOCHIMILCO,2024-03-05,18
XOCHIMILCO,2024-03-06,18
XOCHIMILCO,2024-03-07,18
XOCHIMILCO,2024-03-08,18
XOCHIMILCO,2024-03-09,18
XOCHIMILCO,2024-03-10,18
XOCHIMILCO,2024-03-11,18
XOCHIMILCO,2024-03-12,18
XOCHIMILCO,2024-03-13,18
XOCHIMILCO,2024-03-14,18
XOCHIMILCO,2024-03-15,18
XOCHIMILCO,2024-03-16,18
XOCHIMILCO,2024-03-17,18
XOCHIMILCO,2024-03-18,18
XOCHIMILCO,2024-03-19,18
XOCHIMILCO,2024-03-20,18
XOCHIMILCO,2024-03-21,18
XOCHIMILCO,2024-03-22,18
XOCHIMILCO,2024-03-23,18
XOCHIMILCO,2024-03-24,18
XOCHIMILCO,2024-03-25,18
XOCHIMILCO,2024-03-26,18
XOCHIMILCO,2024-03-27,18
XOCHIMILCO,2024-03-28,18
XOCHIMILCO,2024-03-29,18
XOCHIMILCO,2024-03-30,18
XOCHIMILCO,2024-03-31,18
XOCHIMILCO,2024-04-01,18
XOCHIMILCO,2024-04-02,18
XOCHIMILCO,2024-04-03,18
XOCHIMILCO,2024-04-04,18
XOCHIMILCO,2024-04-05,18
XOCHIMILCO,2024-04-06,18
XOCHIMILCO,2024-04-07,18
XOCHIMILCO,2024-04-08,18
XOCHIMILCO,2024-04-09,18
XOCHIMILCO,2024-04-10,18
XOCHIMILCO,2024-04-11,18
XOCHIMILCO,2024-04-12,18
XOCHIMILCO,2024-04-13,18
XOCHIMILCO,2024-04-14,18
XOCHIMILCO,2024-04-15,18
XOCHIMILCO,2024-04-16,18
XOCHIMILCO,2024-04-17,18
XOCHIMILCO,2024-04-18,18
XOCHIMILCO,2024-04-19,18
XOCHIMILCO,2024-04-20,18
XOCHIMILCO,2024-04-21,18
XOCHIMILCO,2024-04-22,18
XOCHIMILCO,2024-04-23,18
XOCHIMILCO,2024-04-24,18
XOCHIMILCO,2024-04-25,18
XOCHIMILCO,2024-04-26,18
XOCHIMILCO,2024-04-27,18
XOCHIMILCO,2024-04-28,18
XOCHIMILCO,2024-04-29,18
XOCHIMILCO,2024-04-30,18
XOCHIMILCO,2024-05-01,18
XOCHIMILCO,2024-05-02,18
XOCHIMILCO,2024-05-03,18
XOCHIMILCO,2024-05-04,18
XOCHIMILCO,2024-05-05,18
XOCHIMILCO,2024-05-06,18
XOCHIMILCO,2024-05-07,18
XOCHIMILCO,2024-05-08,18
XOCHIMILCO,2024-05-09,18
XOCHIMILCO,2024-05-10,18
XOCHIMILCO,2024-05-11,18
XOCHIMILCO,2024-05-12,18
XOCHIMILCO,2024-05-13,18
XOCHIMILCO,2024-05-14,18
XOCHIMILCO,2024-05-15,18
XOCHIMILCO,2024-05-16,18
XOCHIMILCO,2024-05-17,18
XOCHIMILCO,2024-05-18,18
XOCHIMILCO,2024-05-19,18
XOCHIMILCO,2024-05-20,18
XOCHIMILCO,2024-05-21,18
XOCHIMILCO,2024-05-22,18
XOCHIMILCO,2024-05-23,18
XOCHIMILCO,2024-05-24,18
XOCHIMILCO,2024-05-25,18
XOCHIMILCO,2024-05-26,18
XOCHIMILCO,2024-05-27,18
XOCHIMILCO,2024-05-28,18
XOCHIMILCO,2024-05-29,18
XOCHIMILCO,2024-05-30,18
XOCHIMILCO,2024-05-31,18
XOCHIMILCO,2024-06-01,18
XOCHIMILCO,2024-06-02,18
XOCHIMILCO,2024-06-03,18
XOCHIMILCO,2024-06-04,18
XOCHIMILCO,2024-06-05,18
XOCHIMILCO,2024-06-06,18
XOCHIMILCO,2024-06-07,18
XOCHIMILCO,2024-06-08,18
XOCHIMILCO,2024-06-09,18
XOCHIMILCO,2024-06-10,18
XOCHIMILCO,2024-06-11,18
XOCHIMILCO,2024-06-12,18
XOCHIMILCO,2024-06-13,18
XOCHIMILCO,2024-06-14,18
XOCHIMILCO,2024-06-15,18
XOCHIMILCO,2024-06-16,18
XOCHIMILCO,2024-06-17,18
XOCHIMILCO,2024-06-18,18
XOCHIMILCO,2024-06-19,18
XOCHIMILCO,2024-06-20,18
XOCHIMILCO,2024-06-21,18
XOCHIMILCO,2024-06-22,18
XOCHIMILCO,2024-06-23,18
XOCHIMILCO,2024-06-24,18
XOCHIMILCO,2024-06-25,18
XOCHIMILCO,2024-06-26,18
XOCHIMILCO,2024-06-27,18
XOCHIMILCO,2024-06-28,18
COYOACAN,2024-01-01,42
COYOACAN,2024-01-02,44
COYOACAN,2024-01-03,51
COYOACAN,2024-01-04,49
COYOACAN,2024-01-05,50
COYOACAN,2024-01-06,54
COYOACAN,2024-01-07,52
COYOACAN,2024-01-08,46
COYOACAN,2024-01-09,43
COYOACAN,2024-01-10,47
COYOACAN,2024-01-11,50
COYOACAN,2024-01-12,47
COYOACAN,2024-01-13,54
COYOACAN,2024-01-14,56
COYOACAN,2024-01-15,53
COYOACAN,2024-01-16,61
COYOACAN,2024-01-17,56
COYOACAN,2024-01-18,58
COYOACAN,2024-01-19,53
COYOACAN,2024-01-20,46
COYOACAN,2024-01-21,43
COYOACAN,2024-01-22,40
COYOACAN,2024-01-23,33
COYOACAN,2024-01-24,37
COYOACAN,2024-01-25,41
COYOACAN,2024-01-26,43
COYOACAN,2024-01-27,45
COYOACAN,2024-01-28,39
COYOACAN,2024-01-29,43
COYOACAN,2024-01-30,54
COYOACAN,2024-01-31,57
COYOACAN,2024-02-01,61
COYOACAN,2024-02-02,66
COYOACAN,2024-02-03,61
COYOACAN,2024-02-04,61
COYOACAN,2024-02-05,58
COYOACAN,2024-02-06,53
COYOACAN,2024-02-07,54
COYOACAN,2024-02-08,54
COYOACAN,2024-02-09,55
COYOACAN,2024-02-10,57
COYOACAN,2024-02-11,59
COYOACAN,2024-02-12,76
COYOACAN,2024-02-13,66
COYOACAN,2024-02-14,70
COYOACAN,2024-02-15,79
COYOACAN,2024-02-16,68
COYOACAN,2024-02-17,66
COYOACAN,2024-02-18,58
COYOACAN,2024-02-19,54
COYOACAN,2024-02-20,51
COYOACAN,2024-02-21,46
COYOACAN,2024-02-22,46
COYOACAN,2024-02-23,46
COYOACAN,2024-02-24,47
COYOACAN,2024-02-25,51
COYOACAN,2024-02-26,54
COYOACAN,2024-02-27,59
COYOACAN,2024-02-28,69
COYOACAN,2024-02-29,80
COYOACAN,2024-03-01,77
COYOACAN,2024-03-02,78
COYOACAN,2024-03-03,81
COYOACAN,2024-03-04,69
COYOACAN,2024-03-05,72
COYOACAN,2024-03-06,62
COYOACAN,2024-03-07,62
COYOACAN,2024-03-08,60
COYOACAN,2024-03-09,63
COYOACAN,2024-03-10,69
COYOACAN,2024-03-11,76
COYOACAN,2024-03-12,82
COYOACAN,2024-03-13,87
COYOACAN,2024-03-14,88
COYOACAN,2024-03-15,91
COYOACAN,2024-03-16,91
COYOACAN,2024-03-17,80
COYOACAN,2024-03-18,76
COYOACAN,2024-03-19,68
COYOACAN,2024-03-20,63
COYOACAN,2024-03-21,58
COYOACAN,2024-03-22,54
COYOACAN,2024-03-23,55
COYOACAN,2024-03-24,60
COYOACAN,2024-03-25,64
COYOACAN,2024-03-26,72
COYOACAN,2024-03-27,79
COYOACAN,2024-03-28,91
COYOACAN,2024-03-29,100
COYOACAN,2024-03-30,101
COYOACAN,2024-03-31,102
COYOACAN,2024-04-01,94
COYOACAN,2024-04-02,91
COYOACAN,2024-04-03,78
COYOACAN,2024-04-04,70
COYOACAN,2024-04-05,75
COYOACAN,2024-04-06,70
COYOACAN,2024-04-07,76
COYOACAN,2024-04-08,87
COYOACAN,2024-04-09,89
COYOACAN,2024-04-10,102
COYOACAN,2024-04-11,106
COYOACAN,2024-04-12,114
COYOACAN,2024-04-13,116
COYOACAN,2024-04-14,118
COYOACAN,2024-04-15,114
COYOACAN,2024-04-16,98
COYOACAN,2024-04-17,89
COYOACAN,2024-04-18,77
COYOACAN,2024-04-19,65
COYOACAN,2024-04-20,73
COYOACAN,2024-04-21,67
COYOACAN,2024-04-22,83
COYOACAN,2024-04-23,83
COYOACAN,2024-04-24,91
COYOACAN,2024-04-25,104
COYOACAN,2024-04-26,133
COYOACAN,2024-04-27,126
COYOACAN,2024-04-28,135
COYOACAN,2024-04-29,141
COYOACAN,2024-04-30,127
COYOACAN,2024-05-01,112
COYOACAN,2024-05-02,102
COYOACAN,2024-05-03,92
COYOACAN,2024-05-04,87
COYOACAN,2024-05-05,90
COYOACAN,2024-05-06,90
COYOACAN,2024-05-07,100
COYOACAN,2024-05-08,112
COYOACAN,2024-05-09,133
COYOACAN,2024-05-10,129
COYOACAN,2024-05-11,140
COYOACAN,2024-05-12,161
COYOACAN,2024-05-13,157
COYOACAN,2024-05-14,155
COYOACAN,2024-05-15,144
COYOACAN,2024-05-16,121
COYOACAN,2024-05-17,100
COYOACAN,2024-05-18,91
COYOACAN,2024-05-19,88
COYOACAN,2024-05-20,88
COYOACAN,2024-05-21,109
COYOACAN,2024-05-22,103
COYOACAN,2024-05-23,126
COYOACAN,2024-05-24,139
COYOACAN,2024-05-25,154
COYOACAN,2024-05-26,172
COYOACAN,2024-05-27,189
COYOACAN,2024-05-28,191
COYOACAN,2024-05-29,182
COYOACAN,2024-05-30,157
COYOACAN,2024-05-31,135
COYOACAN,2024-06-01,122
COYOACAN,2024-06-02,113
COYOACAN,2024-06-03,100
COYOACAN,2024-06-04,118
COYOACAN,2024-06-05,142
COYOACAN,2024-06-06,137
COYOACAN,2024-06-07,151
COYOACAN,2024-06-08,171
COYOACAN,2024-06-09,174
COYOACAN,2024-06-10,203
COYOACAN,2024-06-11,203
COYOACAN,2024-06-12,211
COYOACAN,2024-06-13,210
COYOACAN,2024-06-14,172
COYOACAN,2024-06-15,150
COYOACAN,2024-06-16,114
COYOACAN,2024-06-17,91
COYOACAN,2024-06-18,113
COYOACAN,2024-06-19,130
COYOACAN,2024-06-20,135
COYOACAN,2024-06-21,166
COYOACAN,2024-06-22,168
COYOACAN,2024-06-23,210
COYOACAN,2024-06-24,219
COYOACAN,2024-06-25,238
COYOACAN,2024-06-26,251
COYOACAN,2024-06-27,257
COYOACAN,2024-06-28,240
IZTAPALAPA,2024-01-01,69
IZTAPALAPA,2024-01-02,71
IZTAPALAPA,2024-01-03,71
IZTAPALAPA,2024-01-04,69
IZTAPALAPA,2024-01-05,68
IZTAPALAPA,2024-01-06,67
IZTAPALAPA,2024-01-07,66
IZTAPALAPA,2024-01-08,65
IZTAPALAPA,2024-01-09,68
IZTAPALAPA,2024-01-10,70
IZTAPALAPA,2024-01-11,68
IZTAPALAPA,2024-01-12,67
IZTAPALAPA,2024-01-13,67
IZTAPALAPA,2024-01-14,65
IZTAPALAPA,2024-01-15,66
IZTAPALAPA,2024-01-16,69
IZTAPALAPA,2024-01-17,69
IZTAPALAPA,2024-01-18,67
IZTAPALAPA,2024-01-19,65
IZTAPALAPA,2024-01-20,64
IZTAPALAPA,2024-01-21,64
IZTAPALAPA,2024-01-22,63
IZTAPALAPA,2024-01-23,62
IZTAPALAPA,2024-01-24,62
IZTAPALAPA,2024-01-25,64
IZTAPALAPA,2024-01-26,61
IZTAPALAPA,2024-01-27,61
IZTAPALAPA,2024-01-28,60
IZTAPALAPA,2024-01-29,61
IZTAPALAPA,2024-01-30,65
IZTAPALAPA,2024-01-31,65
IZTAPALAPA,2024-02-01,65
IZTAPALAPA,2024-02-02,65
IZTAPALAPA,2024-02-03,65
IZTAPALAPA,2024-02-04,64
IZTAPALAPA,2024-02-05,64
IZTAPALAPA,2024-02-06,64
IZTAPALAPA,2024-02-07,64
IZTAPALAPA,2024-02-08,65
IZTAPALAPA,2024-02-09,64
IZTAPALAPA,2024-02-10,64
IZTAPALAPA,2024-02-11,64
IZTAPALAPA,2024-02-12,64
IZTAPALAPA,2024-02-13,64
IZTAPALAPA,2024-02-14,65
IZTAPALAPA,2024-02-15,64
IZTAPALAPA,2024-02-16,64
IZTAPALAPA,2024-02-17,64
IZTAPALAPA,2024-02-18,63
IZTAPALAPA,2024-02-19,63
IZTAPALAPA,2024-02-20,63
IZTAPALAPA,2024-02-21,63
IZTAPALAPA,2024-02-22,63
IZTAPALAPA,2024-02-23,63
IZTAPALAPA,2024-02-24,62
IZTAPALAPA,2024-02-25,62
IZTAPALAPA,2024-02-26,62
IZTAPALAPA,2024-02-27,62
IZTAPALAPA,2024-02-28,63
IZTAPALAPA,2024-02-29,63
IZTAPALAPA,2024-03-01,63
IZTAPALAPA,2024-03-02,63
IZTAPALAPA,2024-03-03,63
IZTAPALAPA,2024-03-04,63
IZTAPALAPA,2024-03-05,63
IZTAPALAPA,2024-03-06,63
IZTAPALAPA,2024-03-07,63
IZTAPALAPA,2024-03-08,63
IZTAPALAPA,2024-03-09,63
IZTAPALAPA,2024-03-10,63
IZTAPALAPA,2024-03-11,63
IZTAPALAPA,2024-03-12,63
IZTAPALAPA,2024-03-13,63
IZTAPALAPA,2024-03-14,63
IZTAPALAPA,2024-03-15,63
IZTAPALAPA,2024-03-16,63
IZTAPALAPA,2024-03-17,63
IZTAPALAPA,2024-03-18,62
IZTAPALAPA,2024-03-19,62
IZTAPALAPA,2024-03-20,62
IZTAPALAPA,2024-03-21,62
IZTAPALAPA,2024-03-22,62
IZTAPALAPA,2024-03-23,62
IZTAPALAPA,2024-03-24,62
IZTAPALAPA,2024-03-25,62
IZTAPALAPA,2024-03-26,62
IZTAPALAPA,2024-03-27,62
IZTAPALAPA,2024-03-28,62
IZTAPALAPA,2024-03-29,62
IZTAPALAPA,2024-03-30,62
IZTAPALAPA,2024-03-31,62
IZTAPALAPA,2024-04-01,62
IZTAPALAPA,2024-04-02,62
IZTAPALAPA,2024-04-03,62
IZTAPALAPA,2024-04-04,62
IZTAPALAPA,2024-04-05,62
IZTAPALAPA,2024-04-06,62
IZTAPALAPA,2024-04-07,62
IZTAPALAPA,2024-04-08,62
IZTAPALAPA,2024-04-09,62
IZTAPALAPA,2024-04-10,62
IZTAPALAPA,2024-04-11,62
IZTAPALAPA,2024-04-12,62
IZTAPALAPA,2024-04-13,62
IZTAPALAPA,2024-04-14,62
IZTAPALAPA,2024-04-15,62
IZTAPALAPA,2024-04-16,62
IZTAPALAPA,2024-04-17,62
IZTAPALAPA,2024-04-18,62
IZTAPALAPA,2024-04-19,62
IZTAPALAPA,2024-04-20,62
IZTAPALAPA,2024-04-21,62
IZTAPALAPA,2024-04-22,62
IZTAPALAPA,2024-04-23,62
IZTAPALAPA,2024-04-24,62
IZTAPALAPA,2024-04-25,62
IZTAPALAPA,2024-04-26,62
IZTAPALAPA,2024-04-27,62
IZTAPALAPA,2024-04-28,62
IZTAPALAPA,2024-04-29,61
IZTAPALAPA,2024-04-30,61
IZTAPALAPA,2024-05-01,61
IZTAPALAPA,2024-05-02,61
IZTAPALAPA,2024-05-03,61
IZTAPALAPA,2024-05-04,61
IZTAPALAPA,2024-05-05,61
IZTAPALAPA,2024-05-06,61
IZTAPALAPA,2024-05-07,61
IZTAPALAPA,2024-05-08,61
IZTAPALAPA,2024-05-09,61
IZTAPALAPA,2024-05-10,61
IZTAPALAPA,2024-05-11,61
IZTAPALAPA,2024-05-12,61
IZTAPALAPA,2024-05-13,61
IZTAPALAPA,2024-05-14,61
IZTAPALAPA,2024-05-15,61
IZTAPALAPA,2024-05-16,61
IZTAPALAPA,2024-05-17,61
IZTAPALAPA,2024-05-18,61
IZTAPALAPA,2024-05-19,61
IZTAPALAPA,2024-05-20,61
IZTAPALAPA,2024-05-21,61
IZTAPALAPA,2024-05-22,61
IZTAPALAPA,2024-05-23,61
IZTAPALAPA,2024-05-24,61
IZTAPALAPA,2024-05-25,61
IZTAPALAPA,2024-05-26,61
IZTAPALAPA,2024-05-27,61
IZTAPALAPA,2024-05-28,61
IZTAPALAPA,2024-05-29,61
IZTAPALAPA,2024-05-30,61
IZTAPALAPA,2024-05-31,61
IZTAPALAPA,2024-06-01,61
IZTAPALAPA,2024-06-02,61
IZTAPALAPA,2024-06-03,61
IZTAPALAPA,2024-06-04,61
IZTAPALAPA,2024-06-05,61
IZTAPALAPA,2024-06-06,61
IZTAPALAPA,2024-06-07,61
IZTAPALAPA,2024-06-08,61
IZTAPALAPA,2024-06-09,61
IZTAPALAPA,2024-06-10,61
IZTAPALAPA,2024-06-11,61
IZTAPALAPA,2024-06-12,61
IZTAPALAPA,2024-06-13,61
IZTAPALAPA,2024-06-14,61
IZTAPALAPA,2024-06-15,61
IZTAPALAPA,2024-06-16,61
IZTAPALAPA,2024-06-17,61
IZTAPALAPA,2024-06-18,61
IZTAPALAPA,2024-06-19,61
IZTAPALAPA,2024-06-20,61
IZTAPALAPA,2024-06-21,61
IZTAPALAPA,2024-06-22,61
IZTAPALAPA,2024-06-23,61
IZTAPALAPA,2024-06-24,61
IZTAPALAPA,2024-06-25,61
IZTAPALAPA,2024-06-26,61
IZTAPALAPA,2024-06-27,61
IZTAPALAPA,2024-06-28,61
GUSTAVO A. MADERO,2024-01-01,50
GUSTAVO A. MADERO,2024-01-02,51
GUSTAVO A. MADERO,2024-01-03,51
GUSTAVO A. MADERO,2024-01-04,51
GUSTAVO A. MADERO,2024-01-05,51
GUSTAVO A. MADERO,2024-01-06,51
GUSTAVO A. MADERO,2024-01-07,51
GUSTAVO A. MADERO,2024-01-08,51
GUSTAVO A. MADERO,2024-01-09,51
GUSTAVO A. MADERO,2024-01-10,51
GUSTAVO A. MADERO,2024-01-11,51
GUSTAVO A. MADERO,2024-01-12,51
GUSTAVO A. MADERO,2024-01-13,51
GUSTAVO A. MADERO,2024-01-14,51
GUSTAVO A. MADERO,2024-01-15,51
GUSTAVO A. MADERO,2024-01-16,51
GUSTAVO A. MADERO,2024-01-17,51
GUSTAVO A. MADERO,2024-01-18,51
GUSTAVO A. MADERO,2024-01-19,51
GUSTAVO A. MADERO,2024-01-20,50
GUSTAVO A. MADERO,2024-01-21,51
GUSTAVO A. MADERO,2024-01-22,51
GUSTAVO A. MADERO,2024-01-23,51
GUSTAVO A. MADERO,2024-01-24,51
GUSTAVO A. MADERO,2024-01-25,52
GUSTAVO A. MADERO,2024-01-26,52
GUSTAVO A. MADERO,2024-01-27,52
GUSTAVO A. MADERO,2024-01-28,52
GUSTAVO A. MADERO,2024-01-29,52
GUSTAVO A. MADERO,2024-01-30,52
GUSTAVO A. MADERO,2024-01-31,52
GUSTAVO A. MADERO,2024-02-01,52
GUSTAVO A. MADERO,2024-02-02,52
GUSTAVO A. MADERO,2024-02-03,52
GUSTAVO A. MADERO,2024-02-04,52
GUSTAVO A. MADERO,2024-02-05,52
GUSTAVO A. MADERO,2024-02-06,52
GUSTAVO A. MADERO,2024-02-07,52
GUSTAVO A. MADERO,2024-02-08,52
GUSTAVO A. MADERO,2024-02-09,52
GUSTAVO A. MADERO,2024-02-10,52
GUSTAVO A. MADERO,2024-02-11,52
GUSTAVO A. MADERO,2024-02-12,52
GUSTAVO A. MADERO,2024-02-13,52
GUSTAVO A. MADERO,2024-02-14,52
GUSTAVO A. MADERO,2024-02-15,52
GUSTAVO A. MADERO,2024-02-16,52
GUSTAVO A. MADERO,2024-02-17,52
GUSTAVO A. MADERO,2024-02-18,52
GUSTAVO A. MADERO,2024-02-19,52
GUSTAVO A. MADERO,2024-02-20,52
GUSTAVO A. MADERO,2024-02-21,53
GUSTAVO A. MADERO,2024-02-22,53
GUSTAVO A. MADERO,2024-02-23,53
GUSTAVO A. MADERO,2024-02-24,53
GUSTAVO A. MADERO,2024-02-25,53
GUSTAVO A. MADERO,2024-02-26,53
GUSTAVO A. MADERO,2024-02-27,53
GUSTAVO A. MADERO,2024-02-28,53
GUSTAVO A. MADERO,2024-02-29,53
GUSTAVO A. MADERO,2024-03-01,53
GUSTAVO A. MADERO,2024-03-02,53
GUSTAVO A. MADERO,2024-03-03,53
GUSTAVO A. MADERO,2024-03-04,53
GUSTAVO A. MADERO,2024-03-05,53
GUSTAVO A. MADERO,2024-03-06,53
GUSTAVO A. MADERO,2024-03-07,53
GUSTAVO A. MADERO,2024-03-08,53
GUSTAVO A. MADERO,2024-03-09,53
GUSTAVO A. MADERO,2024-03-10,53
GUSTAVO A. MADERO,2024-03-11,53
GUSTAVO A. MADERO,2024-03-12,53
GUSTAVO A. MADERO,2024-03-13,53
GUSTAVO A. MADERO,2024-03-14,53
GUSTAVO A. MADERO,2024-03-15,53
GUSTAVO A. MADERO,2024-03-16,53
GUSTAVO A. MADERO,2024-03-17,53
GUSTAVO A. MADERO,2024-03-18,53
GUSTAVO A. MADERO,2024-03-19,53
GUSTAVO A. MADERO,2024-03-20,53
GUSTAVO A. MADERO,2024-03-21,53
GUSTAVO A. MADERO,2024-03-22,53
GUSTAVO A. MADERO,2024-03-23,53
GUSTAVO A. MADERO,2024-03-24,53
GUSTAVO A. MADERO,2024-03-25,53
GUSTAVO A. MADERO,2024-03-26,53
GUSTAVO A. MADERO,2024-03-27,53
GUSTAVO A. MADERO,2024-03-28,54
GUSTAVO A. MADERO,2024-03-29,54
GUSTAVO A. MADERO,2024-03-30,54
GUSTAVO A. MADERO,2024-03-31,54
GUSTAVO A. MADERO,2024-04-01,54
GUSTAVO A. MADERO,2024-04-02,54
GUSTAVO A. MADERO,2024-04-03,54
GUSTAVO A. MADERO,2024-04-04,54
GUSTAVO A. MADERO,2024-04-05,54
GUSTAVO A. MADERO,2024-04-06,54
GUSTAVO A. MADERO,2024-04-07,54
GUSTAVO A. MADERO,2024-04-08,54
GUSTAVO A. MADERO,2024-04-09,54
GUSTAVO A. MADERO,2024-04-10,54
GUSTAVO A. MADERO,2024-04-11,54
GUSTAVO A. MADERO,2024-04-12,54
GUSTAVO A. MADERO,2024-04-13,54
GUSTAVO A. MADERO,2024-04-14,54
GUSTAVO A. MADERO,2024-04-15,54
GUSTAVO A. MADERO,2024-04-16,54
GUSTAVO A. MADERO,2024-04-17,54
GUSTAVO A. MADERO,2024-04-18,54
GUSTAVO A. MADERO,2024-04-19,54
GUSTAVO A. MADERO,2024-04-20,54
GUSTAVO A. MADERO,2024-04-21,54
GUSTAVO A. MADERO,2024-04-22,54
GUSTAVO A. MADERO,2024-04-23,54
GUSTAVO A. MADERO,2024-04-24,54
GUSTAVO A. MADERO,2024-04-25,54
GUSTAVO A. MADERO,2024-04-26,54
GUSTAVO A. MADERO,2024-04-27,54
GUSTAVO A. MADERO,2024-04-28,54
GUSTAVO A. MADERO,2024-04-29,54
GUSTAVO A. MADERO,2024-04-30,54
GUSTAVO A. MADERO,2024-05-01,54
GUSTAVO A. MADERO,2024-05-02,54
GUSTAVO A. MADERO,2024-05-03,54
GUSTAVO A. MADERO,2024-05-04,54
GUSTAVO A. MADERO,2024-05-05,54
GUSTAVO A. MADERO,2024-05-06,54
GUSTAVO A. MADERO,2024-05-07,54
GUSTAVO A. MADERO,2024-05-08,54
GUSTAVO A. MADERO,2024-05-09,54
GUSTAVO A. MADERO,2024-05-10,54
GUSTAVO A. MADERO,2024-05-11,54
GUSTAVO A. MADERO,2024-05-12,54
GUSTAVO A. MADERO,2024-05-13,54
GUSTAVO A. MADERO,2024-05-14,54
GUSTAVO A. MADERO,2024-05-15,54
GUSTAVO A. MADERO,2024-05-16,54
GUSTAVO A. MADERO,2024-05-17,54
GUSTAVO A. MADERO,2024-05-18,54
GUSTAVO A. MADERO,2024-05-19,54
GUSTAVO A. MADERO,2024-05-20,54
GUSTAVO A. MADERO,2024-05-21,54
GUSTAVO A. MADERO,2024-05-22,54
GUSTAVO A. MADERO,2024-05-23,54
GUSTAVO A. MADERO,2024-05-24,54
GUSTAVO A. MADERO,2024-05-25,54
GUSTAVO A. MADERO,2024-05-26,54
GUSTAVO A. MADERO,2024-05-27,54
GUSTAVO A. MADERO,2024-05-28,54
GUSTAVO A. MADERO,2024-05-29,54
GUSTAVO A. MADERO,2024-05-30,54
GUSTAVO A. MADERO,2024-05-31,54
GUSTAVO A. MADERO,2024-06-01,54
GUSTAVO A. MADERO,2024-06-02,54
GUSTAVO A. MADERO,2024-06-03,54
GUSTAVO A. MADERO,2024-06-04,54
GUSTAVO A. MADERO,2024-06-05,54
GUSTAVO A. MADERO,2024-06-06,54
GUSTAVO A. MADERO,2024-06-07,55
GUSTAVO A. MADERO,2024-06-08,55
GUSTAVO A. MADERO,2024-06-09,55
GUSTAVO A. MADERO,2024-06-10,55
GUSTAVO A. MADERO,2024-06-11,55
GUSTAVO A. MADERO,2024-06-12,55
GUSTAVO A. MADERO,2024-06-13,55
GUSTAVO A. MADERO,2024-06-14,55
GUSTAVO A. MADERO,2024-06-15,55
GUSTAVO A. MADERO,2024-06-16,55
GUSTAVO A. MADERO,2024-06-17,55
GUSTAVO A. MADERO,2024-06-18,55
GUSTAVO A. MADERO,2024-06-19,55
GUSTAVO A. MADERO,2024-06-20,55
GUSTAVO A. MADERO,2024-06-21,55
GUSTAVO A. MADERO,2024-06-22,55
GUSTAVO A. MADERO,2024-06-23,55
GUSTAVO A. MADERO,2024-06-24,55
GUSTAVO A. MADERO,2024-06-25,55
GUSTAVO A. MADERO,2024-06-26,55
GUSTAVO A. MADERO,2024-06-27,55
GUSTAVO A. MADERO,2024-06-28,55
AZCAPOTZALCO,2024-01-01,24
AZCAPOTZALCO,2024-01-02,25
AZCAPOTZALCO,2024-01-03,25
AZCAPOTZALCO,2024-01-04,25
AZCAPOTZALCO,2024-01-05,25
AZCAPOTZALCO,2024-01-06,26
AZCAPOTZALCO,2024-01-07,26
AZCAPOTZALCO,2024-01-08,26
AZCAPOTZALCO,2024-01-09,27
AZCAPOTZALCO,2024-01-10,27
AZCAPOTZALCO,2024-01-11,27
AZCAPOTZALCO,2024-01-12,27
AZCAPOTZALCO,2024-01-13,27
AZCAPOTZALCO,2024-01-14,28
AZCAPOTZALCO,2024-01-15,28
AZCAPOTZALCO,2024-01-16,29
AZCAPOTZALCO,2024-01-17,29
AZCAPOTZALCO,2024-01-18,30
AZCAPOTZALCO,2024-01-19,30
AZCAPOTZALCO,2024-01-20,30
AZCAPOTZALCO,2024-01-21,30
AZCAPOTZALCO,2024-01-22,30
AZCAPOTZALCO,2024-01-23,31
AZCAPOTZALCO,2024-01-24,31
AZCAPOTZALCO,2024-01-25,31
AZCAPOTZALCO,2024-01-26,31
AZCAPOTZALCO,2024-01-27,31
AZCAPOTZALCO,2024-01-28,31
AZCAPOTZALCO,2024-01-29,31
AZCAPOTZALCO,2024-01-30,31
AZCAPOTZALCO,2024-01-31,31
AZCAPOTZALCO,2024-02-01,31
AZCAPOTZALCO,2024-02-02,31
AZCAPOTZALCO,2024-02-03,32
AZCAPOTZALCO,2024-02-04,32
AZCAPOTZALCO,2024-02-05,32
AZCAPOTZALCO,2024-02-06,32
AZCAPOTZALCO,2024-02-07,32
AZCAPOTZALCO,2024-02-08,32
AZCAPOTZALCO,2024-02-09,32
AZCAPOTZALCO,2024-02-10,32
AZCAPOTZALCO,2024-02-11,32
AZCAPOTZALCO,2024-02-12,32
AZCAPOTZALCO,2024-02-13,32
AZCAPOTZALCO,2024-02-14,32
AZCAPOTZALCO,2024-02-15,33
AZCAPOTZALCO,2024-02-16,33
AZCAPOTZALCO,2024-02-17,33
AZCAPOTZALCO,2024-02-18,33
AZCAPOTZALCO,2024-02-19,33
AZCAPOTZALCO,2024-02-20,33
AZCAPOTZALCO,2024-02-21,33
AZCAPOTZALCO,2024-02-22,33
AZCAPOTZALCO,2024-02-23,33
AZCAPOTZALCO,2024-02-24,33
AZCAPOTZALCO,2024-02-25,33
AZCAPOTZALCO,2024-02-26,33
AZCAPOTZALCO,2024-02-27,33
AZCAPOTZALCO,2024-02-28,33
AZCAPOTZALCO,2024-02-29,33
AZCAPOTZALCO,2024-03-01,34
AZCAPOTZALCO,2024-03-02,34
AZCAPOTZALCO,2024-03-03,34
AZCAPOTZALCO,2024-03-04,34
AZCAPOTZALCO,2024-03-05,34
AZCAPOTZALCO,2024-03-06,34
AZCAPOTZALCO,2024-03-07,34
AZCAPOTZALCO,2024-03-08,34
AZCAPOTZALCO,2024-03-09,34
AZCAPOTZALCO,2024-03-10,34
AZCAPOTZALCO,2024-03-11,34
AZCAPOTZALCO,2024-03-12,34
AZCAPOTZALCO,2024-03-13,34
AZCAPOTZALCO,2024-03-14,34
AZCAPOTZALCO,2024-03-15,34
AZCAPOTZALCO,2024-03-16,34
AZCAPOTZALCO,2024-03-17,34
AZCAPOTZALCO,2024-03-18,34
AZCAPOTZALCO,2024-03-19,35
AZCAPOTZALCO,2024-03-20,35
AZCAPOTZALCO,2024-03-21,35
AZCAPOTZALCO,2024-03-22,35
AZCAPOTZALCO,2024-03-23,35
AZCAPOTZALCO,2024-03-24,35
AZCAPOTZALCO,2024-03-25,35
AZCAPOTZALCO,2024-03-26,35
AZCAPOTZALCO,2024-03-27,35
AZCAPOTZALCO,2024-03-28,35
AZCAPOTZALCO,2024-03-29,35
AZCAPOTZALCO,2024-03-30,35
AZCAPOTZALCO,2024-03-31,35
AZCAPOTZALCO,2024-04-01,35
AZCAPOTZALCO,2024-04-02,35
AZCAPOTZALCO,2024-04-03,35
AZCAPOTZALCO,2024-04-04,35
AZCAPOTZALCO,2024-04-05,35
AZCAPOTZALCO,2024-04-06,35
AZCAPOTZALCO,2024-04-07,35
AZCAPOTZALCO,2024-04-08,35
AZCAPOTZALCO,2024-04-09,35
AZCAPOTZALCO,2024-04-10,36
AZCAPOTZALCO,2024-04-11,36
AZCAPOTZALCO,2024-04-12,36
AZCAPOTZALCO,2024-04-13,36
AZCAPOTZALCO,2024-04-14,36
AZCAPOTZALCO,2024-04-15,36
AZCAPOTZALCO,2024-04-16,36
AZCAPOTZALCO,2024-04-17,36
AZCAPOTZALCO,2024-04-18,36
AZCAPOTZALCO,2024-04-19,36
AZCAPOTZALCO,2024-04-20,36
AZCAPOTZALCO,2024-04-21,36
AZCAPOTZALCO,2024-04-22,36
AZCAPOTZALCO,2024-04-23,36
AZCAPOTZALCO,2024-04-24,36
AZCAPOTZALCO,2024-04-25,36
AZCAPOTZALCO,2024-04-26,36
AZCAPOTZALCO,2024-04-27,36
AZCAPOTZALCO,2024-04-28,36
AZCAPOTZALCO,2024-04-29,36
AZCAPOTZALCO,2024-04-30,36
AZCAPOTZALCO,2024-05-01,36
AZCAPOTZALCO,2024-05-02,36
AZCAPOTZALCO,2024-05-03,36
AZCAPOTZALCO,2024-05-04,36
AZCAPOTZALCO,2024-05-05,36
AZCAPOTZALCO,2024-05-06,37
AZCAPOTZALCO,2024-05-07,37
AZCAPOTZALCO,2024-05-08,37
AZCAPOTZALCO,2024-05-09,37
AZCAPOTZALCO,2024-05-10,37
AZCAPOTZALCO,2024-05-11,37
AZCAPOTZALCO,2024-05-12,37
AZCAPOTZALCO,2024-05-13,37
AZCAPOTZALCO,2024-05-14,37
AZCAPOTZALCO,2024-05-15,37
AZCAPOTZALCO,2024-05-16,37
AZCAPOTZALCO,2024-05-17,37
AZCAPOTZALCO,2024-05-18,37
AZCAPOTZALCO,2024-05-19,37
AZCAPOTZALCO,2024-05-20,37
AZCAPOTZALCO,2024-05-21,37
AZCAPOTZALCO,2024-05-22,37
AZCAPOTZALCO,2024-05-23,37
AZCAPOTZALCO,2024-05-24,37
AZCAPOTZALCO,2024-05-25,37
AZCAPOTZALCO,2024-05-26,37
AZCAPOTZALCO,2024-05-27,37
AZCAPOTZALCO,2024-05-28,37
AZCAPOTZALCO,2024-05-29,37
AZCAPOTZALCO,2024-05-30,37
AZCAPOTZALCO,2024-05-31,37
AZCAPOTZALCO,2024-06-01,38
AZCAPOTZALCO,2024-06-02,38
AZCAPOTZALCO,2024-06-03,38
AZCAPOTZALCO,2024-06-04,38
AZCAPOTZALCO,2024-06-05,38
AZCAPOTZALCO,2024-06-06,38
AZCAPOTZALCO,2024-06-07,38
AZCAPOTZALCO,2024-06-08,38
AZCAPOTZALCO,2024-06-09,38
AZCAPOTZALCO,2024-06-10,38
AZCAPOTZALCO,2024-06-11,38
AZCAPOTZALCO,2024-06-12,38
AZCAPOTZALCO,2024-06-13,38
AZCAPOTZALCO,2024-06-14,38
AZCAPOTZALCO,2024-06-15,38
AZCAPOTZALCO,2024-06-16,38
AZCAPOTZALCO,2024-06-17,38
AZCAPOTZALCO,2024-06-18,38
AZCAPOTZALCO,2024-06-19,38
AZCAPOTZALCO,2024-06-20,38
AZCAPOTZALCO,2024-06-21,38
AZCAPOTZALCO,2024-06-22,38
AZCAPOTZALCO,2024-06-23,39
AZCAPOTZALCO,2024-06-24,39
AZCAPOTZALCO,2024-06-25,39
AZCAPOTZALCO,2024-06-26,39
AZCAPOTZALCO,2024-06-27,39
AZCAPOTZALCO,2024-06-28,39
IZTACALCO,2024-01-01,24
IZTACALCO,2024-01-02,23
IZTACALCO,2024-01-03,23
IZTACALCO,2024-01-04,23
IZTACALCO,2024-01-05,23
IZTACALCO,2024-01-06,23
IZTACALCO,2024-01-07,23
IZTACALCO,2024-01-08,23
IZTACALCO,2024-01-09,23
IZTACALCO,2024-01-10,23
IZTACALCO,2024-01-11,23
IZTACALCO,2024-01-12,23
IZTACALCO,2024-01-13,23
IZTACALCO,2024-01-14,23
IZTACALCO,2024-01-15,23
IZTACALCO,2024-01-16,23
IZTACALCO,2024-01-17,23
IZTACALCO,2024-01-18,23
IZTACALCO,2024-01-19,23
IZTACALCO,2024-01-20,23
IZTACALCO,2024-01-21,23
IZTACALCO,2024-01-22,23
IZTACALCO,2024-01-23,23
IZTACALCO,2024-01-24,23
IZTACALCO,2024-01-25,23
IZTACALCO,2024-01-26,23
IZTACALCO,2024-01-27,23
IZTACALCO,2024-01-28,23
IZTACALCO,2024-01-29,23
IZTACALCO,2024-01-30,23
IZTACALCO,2024-01-31,23
IZTACALCO,2024-02-01,23
IZTACALCO,2024-02-02,23
IZTACALCO,2024-02-03,23
IZTACALCO,2024-02-04,23
IZTACALCO,2024-02-05,23
IZTACALCO,2024-02-06,23
IZTACALCO,2024-02-07,23
IZTACALCO,2024-02-08,23
IZTACALCO,2024-02-09,23
IZTACALCO,2024-02-10,23
IZTACALCO,2024-02-11,23
IZTACALCO,2024-02-12,23
IZTACALCO,2024-02-13,23
IZTACALCO,2024-02-14,23
IZTACALCO,2024-02-15,23
IZTACALCO,2024-02-16,23
IZTACALCO,2024-02-17,23
IZTACALCO,2024-02-18,23
IZTACALCO,2024-02-19,23
IZTACALCO,2024-02-20,23
IZTACALCO,2024-02-21,24
IZTACALCO,2024-02-22,24
IZTACALCO,2024-02-23,24
IZTACALCO,2024-02-24,24
IZTACALCO,2024-02-25,24
IZTACALCO,2024-02-26,24
IZTACALCO,2024-02-27,24
IZTACALCO,2024-02-28,24
IZTACALCO,2024-02-29,24
IZTACALCO,2024-03-01,24
IZTACALCO,2024-03-02,24
IZTACALCO,2024-03-03,24
IZTACALCO,2024-03-04,24
IZTACALCO,2024-03-05,24
IZTACALCO,2024-03-06,24
IZTACALCO,2024-03-07,24
IZTACALCO,2024-03-08,24
IZTACALCO,2024-03-09,24
IZTACALCO,2024-03-10,24
IZTACALCO,2024-03-11,24
IZTACALCO,2024-03-12,24
IZTACALCO,2024-03-13,24
IZTACALCO,2024-03-14,24
IZTACALCO,2024-03-15,24
IZTACALCO,2024-03-16,24
IZTACALCO,2024-03-17,24
IZTACALCO,2024-03-18,24
IZTACALCO,2024-03-19,24
IZTACALCO,2024-03-20,24
IZTACALCO,2024-03-21,24
IZTACALCO,2024-03-22,24
IZTACALCO,2024-03-23,24
IZTACALCO,2024-03-24,24
IZTACALCO,2024-03-25,24
IZTACALCO,2024-03-26,24
IZTACALCO,2024-03-27,24
IZTACALCO,2024-03-28,24
IZTACALCO,2024-03-29,24
IZTACALCO,2024-03-30,24
IZTACALCO,2024-03-31,24
IZTACALCO,2024-04-01,24
IZTACALCO,2024-04-02,24
IZTACALCO,2024-04-03,24
IZTACALCO,2024-04-04,24
IZTACALCO,2024-04-05,24
IZTACALCO,2024-04-06,24
IZTACALCO,2024-04-07,24
IZTACALCO,2024-04-08,24
IZTACALCO,2024-04-09,24
IZTACALCO,2024-04-10,24
IZTACALCO,2024-04-11,24
IZTACALCO,2024-04-12,24
IZTACALCO,2024-04-13,24
IZTACALCO,2024-04-14,24
IZTACALCO,2024-04-15,24
IZTACALCO,2024-04-16,24
IZTACALCO,2024-04-17,24
IZTACALCO,2024-04-18,24
IZTACALCO,2024-04-19,24
IZTACALCO,2024-04-20,24
IZTACALCO,2024-04-21,24
IZTACALCO,2024-04-22,24
IZTACALCO,2024-04-23,24
IZTACALCO,2024-04-24,24
IZTACALCO,2024-04-25,24
IZTACALCO,2024-04-26,24
IZTACALCO,2024-04-27,24
IZTACALCO,2024-04-28,24
IZTACALCO,2024-04-29,24
IZTACALCO,2024-04-30,24
IZTACALCO,2024-05-01,24
IZTACALCO,2024-05-02,24
IZTACALCO,2024-05-03,24
IZTACALCO,2024-05-04,24
IZTACALCO,2024-05-05,24
IZTACALCO,2024-05-06,24
IZTACALCO,2024-05-07,24
IZTACALCO,2024-05-08,24
IZTACALCO,2024-05-09,24
IZTACALCO,2024-05-10,24
IZTACALCO,2024-05-11,24
IZTACALCO,2024-05-12,24
IZTACALCO,2024-05-13,24
IZTACALCO,2024-05-14,24
IZTACALCO,2024-05-15,24
IZTACALCO,2024-05-16,24
IZTACALCO,2024-05-17,24
IZTACALCO,2024-05-18,24
IZTACALCO,2024-05-19,24
IZTACALCO,2024-05-20,24
IZTACALCO,2024-05-21,24
IZTACALCO,2024-05-22,24
IZTACALCO,2024-05-23,24
IZTACALCO,2024-05-24,24
IZTACALCO,2024-05-25,24
IZTACALCO,2024-05-26,24
IZTACALCO,2024-05-27,24
IZTACALCO,2024-05-28,24
IZTACALCO,2024-05-29,24
IZTACALCO,2024-05-30,24
IZTACALCO,2024-05-31,24
IZTACALCO,2024-06-01,24
IZTACALCO,2024-06-02,24
IZTACALCO,2024-06-03,24
IZTACALCO,2024-06-04,24
IZTACALCO,2024-06-05,24
IZTACALCO,2024-06-06,24
IZTACALCO,2024-06-07,24
IZTACALCO,2024-06-08,24
IZTACALCO,2024-06-09,24
IZTACALCO,2024-06-10,24
IZTACALCO,2024-06-11,24
IZTACALCO,2024-06-12,24
IZTACALCO,2024-06-13,24
IZTACALCO,2024-06-14,24
IZTACALCO,2024-06-15,24
IZTACALCO,2024-06-16,24
IZTACALCO,2024-06-17,24
IZTACALCO,2024-06-18,24
IZTACALCO,2024-06-19,24
IZTACALCO,2024-06-20,24
IZTACALCO,2024-06-21,24
IZTACALCO,2024-06-22,24
IZTACALCO,2024-06-23,24
IZTACALCO,2024-06-24,24
IZTACALCO,2024-06-25,24
IZTACALCO,2024-06-26,24
IZTACALCO,2024-06-27,24
IZTACALCO,2024-06-28,24
CUAJIMALPA DE MORELOS,2024-01-01,9
CUAJIMALPA DE MORELOS,2024-01-02,9
CUAJIMALPA DE MORELOS,2024-01-03,9
CUAJIMALPA DE MORELOS,2024-01-04,9
CUAJIMALPA DE MORELOS,2024-01-05,9
CUAJIMALPA DE MORELOS,2024-01-06,9
CUAJIMALPA DE MORELOS,2024-01-07,9
CUAJIMALPA DE MORELOS,2024-01-08,9
CUAJIMALPA DE MORELOS,2024-01-09,9
CUAJIMALPA DE MORELOS,2024-01-10,9
CUAJIMALPA DE MORELOS,2024-01-11,9
CUAJIMALPA DE MORELOS,2024-01-12,9
CUAJIMALPA DE MORELOS,2024-01-13,9
CUAJIMALPA DE MORELOS,2024-01-14,9
CUAJIMALPA DE MORELOS,2024-01-15,9
CUAJIMALPA DE MORELOS,2024-01-16,9
CUAJIMALPA DE MORELOS,2024-01-17,8
CUAJIMALPA DE MORELOS,2024-01-18,8
CUAJIMALPA DE MORELOS,2024-01-19,8
CUAJIMALPA DE MORELOS,2024-01-20,8
CUAJIMALPA DE MORELOS,2024-01-21,8
CUAJIMALPA DE MORELOS,2024-01-22,8
CUAJIMALPA DE MORELOS,2024-01-23,8
CUAJIMALPA DE MORELOS,2024-01-24,8
CUAJIMALPA DE MORELOS,2024-01-25,8
CUAJIMALPA DE MORELOS,2024-01-26,8
CUAJIMALPA DE MORELOS,2024-01-27,8
CUAJIMALPA DE MORELOS,2024-01-28,8
CUAJIMALPA DE MORELOS,2024-01-29,8
CUAJIMALPA DE MORELOS,2024-01-30,8
CUAJIMALPA DE MORELOS,2024-01-31,9
CUAJIMALPA DE MORELOS,2024-02-01,9
CUAJIMALPA DE MORELOS,2024-02-02,9
CUAJIMALPA DE MORELOS,2024-02-03,8
CUAJIMALPA DE MORELOS,2024-02-04,8
CUAJIMALPA DE MORELOS,2024-02-05,8
CUAJIMALPA DE MORELOS,2024-02-06,8
CUAJIMALPA DE MORELOS,2024-02-07,8
CUAJIMALPA DE MORELOS,2024-02-08,8
CUAJIMALPA DE MORELOS,2024-02-09,8
CUAJIMALPA DE MORELOS,2024-02-10,8
CUAJIMALPA DE MORELOS,2024-02-11,8
CUAJIMALPA DE MORELOS,2024-02-12,8
CUAJIMALPA DE MORELOS,2024-02-13,8
CUAJIMALPA DE MORELOS,2024-02-14,8
CUAJIMALPA DE MORELOS,2024-02-15,8
CUAJIMALPA DE MORELOS,2024-02-16,8
CUAJIMALPA DE MORELOS,2024-02-17,8
CUAJIMALPA DE MORELOS,2024-02-18,8
CUAJIMALPA DE MORELOS,2024-02-19,8
CUAJIMALPA DE MORELOS,2024-02-20,8
CUAJIMALPA DE MORELOS,2024-02-21,8
CUAJIMALPA DE MORELOS,2024-02-22,8
CUAJIMALPA DE MORELOS,2024-02-23,8
CUAJIMALPA DE MORELOS,2024-02-24,8
CUAJIMALPA DE MORELOS,2024-02-25,8
CUAJIMALPA DE MORELOS,2024-02-26,8
CUAJIMALPA DE MORELOS,2024-02-27,8
CUAJIMALPA DE MORELOS,2024-02-28,8
CUAJIMALPA DE MORELOS,2024-02-29,8
CUAJIMALPA DE MORELOS,2024-03-01,8
CUAJIMALPA DE MORELOS,2024-03-02,8
CUAJIMALPA DE MORELOS,2024-03-03,8
CUAJIMALPA DE MORELOS,2024-03-04,8
CUAJIMALPA DE MORELOS,2024-03-05,8
CUAJIMALPA DE MORELOS,2024-03-06,8
CUAJIMALPA DE MORELOS,2024-03-07,8
CUAJIMALPA DE MORELOS,2024-03-08,8
CUAJIMALPA DE MORELOS,2024-03-09,8
CUAJIMALPA DE MORELOS,2024-03-10,8
CUAJIMALPA DE MORELOS,2024-03-11,8
CUAJIMALPA DE MORELOS,2024-03-12,8
CUAJIMALPA DE MORELOS,2024-03-13,8
CUAJIMALPA DE MORELOS,2024-03-14,8
CUAJIMALPA DE MORELOS,2024-03-15,8
CUAJIMALPA DE MORELOS,2024-03-16,8
CUAJIMALPA DE MORELOS,2024-03-17,8
CUAJIMALPA DE MORELOS,2024-03-18,8
CUAJIMALPA DE MORELOS,2024-03-19,8
CUAJIMALPA DE MORELOS,2024-03-20,8
CUAJIMALPA DE MORELOS,2024-03-21,8
CUAJIMALPA DE MORELOS,2024-03-22,8
CUAJIMALPA DE MORELOS,2024-03-23,8
CUAJIMALPA DE MORELOS,2024-03-24,8
CUAJIMALPA DE MORELOS,2024-03-25,8
CUAJIMALPA DE MORELOS,2024-03-26,8
CUAJIMALPA DE MORELOS,2024-03-27,8
CUAJIMALPA DE MORELOS,2024-03-28,8
CUAJIMALPA DE MORELOS,2024-03-29,8
CUAJIMALPA DE MORELOS,2024-03-30,8
CUAJIMALPA DE MORELOS,2024-03-31,8
CUAJIMALPA DE MORELOS,2024-04-01,8
CUAJIMALPA DE MORELOS,2024-04-02,8
CUAJIMALPA DE MORELOS,2024-04-03,8
CUAJIMALPA DE MORELOS,2024-04-04,8
CUAJIMALPA DE MORELOS,2024-04-05,8
CUAJIMALPA DE MORELOS,2024-04-06,8
CUAJIMALPA DE MORELOS,2024-04-07,8
CUAJIMALPA DE MORELOS,2024-04-08,8
CUAJIMALPA DE MORELOS,2024-04-09,8
CUAJIMALPA DE MORELOS,2024-04-10,8
CUAJIMALPA DE MORELOS,2024-04-11,8
CUAJIMALPA DE MORELOS,2024-04-12,8
CUAJIMALPA DE MORELOS,2024-04-13,8
CUAJIMALPA DE MORELOS,2024-04-14,8
CUAJIMALPA DE MORELOS,2024-04-15,8
CUAJIMALPA DE MORELOS,2024-04-16,8
CUAJIMALPA DE MORELOS,2024-04-17,8
CUAJIMALPA DE MORELOS,2024-04-18,8
CUAJIMALPA DE MORELOS,2024-04-19,8
CUAJIMALPA DE MORELOS,2024-04-20,8
CUAJIMALPA DE MORELOS,2024-04-21,8
CUAJIMALPA DE MORELOS,2024-04-22,8
CUAJIMALPA DE MORELOS,2024-04-23,8
CUAJIMALPA DE MORELOS,2024-04-24,8
CUAJIMALPA DE MORELOS,2024-04-25,8
CUAJIMALPA DE MORELOS,2024-04-26,8
CUAJIMALPA DE MORELOS,2024-04-27,8
CUAJIMALPA DE MORELOS,2024-04-28,8
CUAJIMALPA DE MORELOS,2024-04-29,8
CUAJIMALPA DE MORELOS,2024-04-30,8
CUAJIMALPA DE MORELOS,2024-05-01,8
CUAJIMALPA DE MORELOS,2024-05-02,8
CUAJIMALPA DE MORELOS,2024-05-03,8
CUAJIMALPA DE MORELOS,2024-05-04,8
CUAJIMALPA DE MORELOS,2024-05-05,8
CUAJIMALPA DE MORELOS,2024-05-06,8
CUAJIMALPA DE MORELOS,2024-05-07,8
CUAJIMALPA DE MORELOS,2024-05-08,8
CUAJIMALPA DE MORELOS,2024-05-09,8
CUAJIMALPA DE MORELOS,2024-05-10,8
CUAJIMALPA DE MORELOS,2024-05-11,8
CUAJIMALPA DE MORELOS,2024-05-12,8
CUAJIMALPA DE MORELOS,2024-05-13,8
CUAJIMALPA DE MORELOS,2024-05-14,8
CUAJIMALPA DE MORELOS,2024-05-15,8
CUAJIMALPA DE MORELOS,2024-05-16,8
CUAJIMALPA DE MORELOS,2024-05-17,8
CUAJIMALPA DE MORELOS,2024-05-18,8
CUAJIMALPA DE MORELOS,2024-05-19,8
CUAJIMALPA DE MORELOS,2024-05-20,8
CUAJIMALPA DE MORELOS,2024-05-21,8
CUAJIMALPA DE MORELOS,2024-05-22,8
CUAJIMALPA DE MORELOS,2024-05-23,8
CUAJIMALPA DE MORELOS,2024-05-24,8
CUAJIMALPA DE MORELOS,2024-05-25,8
CUAJIMALPA DE MORELOS,2024-05-26,8
CUAJIMALPA DE MORELOS,2024-05-27,8
CUAJIMALPA DE MORELOS,2024-05-28,8
CUAJIMALPA DE MORELOS,2024-05-29,8
CUAJIMALPA DE MORELOS,2024-05-30,8
CUAJIMALPA DE MORELOS,2024-05-31,8
CUAJIMALPA DE MORELOS,2024-06-01,8
CUAJIMALPA DE MORELOS,2024-06-02,8
CUAJIMALPA DE MORELOS,2024-06-03,8
CUAJIMALPA DE MORELOS,2024-06-04,8
CUAJIMALPA DE MORELOS,2024-06-05,8
CUAJIMALPA DE MORELOS,2024-06-06,8
CUAJIMALPA DE MORELOS,2024-06-07,8
CUAJIMALPA DE MORELOS,2024-06-08,8
CUAJIMALPA DE MORELOS,2024-06-09,8
CUAJIMALPA DE MORELOS,2024-06-10,8
CUAJIMALPA DE MORELOS,2024-06-11,8
CUAJIMALPA DE MORELOS,2024-06-12,8
CUAJIMALPA DE MORELOS,2024-06-13,8
CUAJIMALPA DE MORELOS,2024-06-14,8
CUAJIMALPA DE MORELOS,2024-06-15,8
CUAJIMALPA DE MORELOS,2024-06-16,8
CUAJIMALPA DE MORELOS,2024-06-17,8
CUAJIMALPA DE MORELOS,2024-06-18,8
CUAJIMALPA DE MORELOS,2024-06-19,8
CUAJIMALPA DE MORELOS,2024-06-20,8
CUAJIMALPA DE MORELOS,2024-06-21,8
CUAJIMALPA DE MORELOS,2024-06-22,8
CUAJIMALPA DE MORELOS,2024-06-23,8
CUAJIMALPA DE MORELOS,2024-06-24,8
CUAJIMALPA DE MORELOS,2024-06-25,8
CUAJIMALPA DE MORELOS,2024-06-26,8
CUAJIMALPA DE MORELOS,2024-06-27,8
CUAJIMALPA DE MORELOS,2024-06-28,8
LA MAGDALENA CONTRERAS,2024-01-01,12
LA MAGDALENA CONTRERAS,2024-01-02,12
LA MAGDALENA CONTRERAS,2024-01-03,11
LA MAGDALENA CONTRERAS,2024-01-04,12
LA MAGDALENA CONTRERAS,2024-01-05,12
LA MAGDALENA CONTRERAS,2024-01-06,12
LA MAGDALENA CONTRERAS,2024-01-07,12
LA MAGDALENA CONTRERAS,2024-01-08,12
LA MAGDALENA CONTRERAS,2024-01-09,12
LA MAGDALENA CONTRERAS,2024-01-10,12
LA MAGDALENA CONTRERAS,2024-01-11,12
LA MAGDALENA CONTRERAS,2024-01-12,12
LA MAGDALENA CONTRERAS,2024-01-13,12
LA MAGDALENA CONTRERAS,2024-01-14,12
LA MAGDALENA CONTRERAS,2024-01-15,12
LA MAGDALENA CONTRERAS,2024-01-16,12
LA MAGDALENA CONTRERAS,2024-01-17,12
LA MAGDALENA CONTRERAS,2024-01-18,12
LA MAGDALENA CONTRERAS,2024-01-19,12
LA MAGDALENA CONTRERAS,2024-01-20,13
LA MAGDALENA CONTRERAS,2024-01-21,13
LA MAGDALENA CONTRERAS,2024-01-22,13
LA MAGDALENA CONTRERAS,2024-01-23,13
LA MAGDALENA CONTRERAS,2024-01-24,13
LA MAGDALENA CONTRERAS,2024-01-25,13
LA MAGDALENA CONTRERAS,2024-01-26,13
LA MAGDALENA CONTRERAS,2024-01-27,13
LA MAGDALENA CONTRERAS,2024-01-28,13
LA MAGDALENA CONTRERAS,2024-01-29,13
LA MAGDALENA CONTRERAS,2024-01-30,13
LA MAGDALENA CONTRERAS,2024-01-31,13
LA MAGDALENA CONTRERAS,2024-02-01,13
LA MAGDALENA CONTRERAS,2024-02-02,13
LA MAGDALENA CONTRERAS,2024-02-03,13
LA MAGDALENA CONTRERAS,2024-02-04,13
LA MAGDALENA CONTRERAS,2024-02-05,13
LA MAGDALENA CONTRERAS,2024-02-06,13
LA MAGDALENA CONTRERAS,2024-02-07,13
LA MAGDALENA CONTRERAS,2024-02-08,13
LA MAGDALENA CONTRERAS,2024-02-09,13
LA MAGDALENA CONTRERAS,2024-02-10,13
LA MAGDALENA CONTRERAS,2024-02-11,13
LA MAGDALENA CONTRERAS,2024-02-12,13
LA MAGDALENA CONTRERAS,2024-02-13,13
LA MAGDALENA CONTRERAS,2024-02-14,13
LA MAGDALENA CONTRERAS,2024-02-15,13
LA MAGDALENA CONTRERAS,2024-02-16,13
LA MAGDALENA CONTRERAS,2024-02-17,13
LA MAGDALENA CONTRERAS,2024-02-18,13
LA MAGDALENA CONTRERAS,2024-02-19,13
LA MAGDALENA CONTRERAS,2024-02-20,13
LA MAGDALENA CONTRERAS,2024-02-21,13
LA MAGDALENA CONTRERAS,2024-02-22,13
LA MAGDALENA CONTRERAS,2024-02-23,13
LA MAGDALENA CONTRERAS,2024-02-24,13
LA MAGDALENA CONTRERAS,2024-02-25,13
LA MAGDALENA CONTRERAS,2024-02-26,13
LA MAGDALENA CONTRERAS,2024-02-27,13
LA MAGDALENA CONTRERAS,2024-02-28,13
LA MAGDALENA CONTRERAS,2024-02-29,13
LA MAGDALENA CONTRERAS,2024-03-01,13
LA MAGDALENA CONTRERAS,2024-03-02,13
LA MAGDALENA CONTRERAS,2024-03-03,13
LA MAGDALENA CONTRERAS,2024-03-04,13
LA MAGDALENA CONTRERAS,2024-03-05,13
LA MAGDALENA CONTRERAS,2024-03-06,13
LA MAGDALENA CONTRERAS,2024-03-07,13
LA MAGDALENA CONTRERAS,2024-03-08,13
LA MAGDALENA CONTRERAS,2024-03-09,13
LA MAGDALENA CONTRERAS,2024-03-10,13
LA MAGDALENA CONTRERAS,2024-03-11,13
LA MAGDALENA CONTRERAS,2024-03-12,13
LA MAGDALENA CONTRERAS,2024-03-13,13
LA MAGDALENA CONTRERAS,2024-03-14,13
LA MAGDALENA CONTRERAS,2024-03-15,13
LA MAGDALENA CONTRERAS,2024-03-16,13
LA MAGDALENA CONTRERAS,2024-03-17,13
LA MAGDALENA CONTRERAS,2024-03-18,13
LA MAGDALENA CONTRERAS,2024-03-19,13
LA MAGDALENA CONTRERAS,2024-03-20,13
LA MAGDALENA CONTRERAS,2024-03-21,13
LA MAGDALENA CONTRERAS,2024-03-22,13
LA MAGDALENA CONTRERAS,2024-03-23,13
LA MAGDALENA CONTRERAS,2024-03-24,13
LA MAGDALENA CONTRERAS,2024-03-25,13
LA MAGDALENA CONTRERAS,2024-03-26,13
LA MAGDALENA CONTRERAS,2024-03-27,13
LA MAGDALENA CONTRERAS,2024-03-28,13
LA MAGDALENA CONTRERAS,2024-03-29,13
LA MAGDALENA CONTRERAS,2024-03-30,13
LA MAGDALENA CONTRERAS,2024-03-31,13
LA MAGDALENA CONTRERAS,2024-04-01,13
LA MAGDALENA CONTRERAS,2024-04-02,13
LA MAGDALENA CONTRERAS,2024-04-03,13
LA MAGDALENA CONTRERAS,2024-04-04,13
LA MAGDALENA CONTRERAS,2024-04-05,13
LA MAGDALENA CONTRERAS,2024-04-06,13
LA MAGDALENA CONTRERAS,2024-04-07,13
LA MAGDALENA CONTRERAS,2024-04-08,13
LA MAGDALENA CONTRERAS,2024-04-09,13
LA MAGDALENA CONTRERAS,2024-04-10,13
LA MAGDALENA CONTRERAS,2024-04-11,13
LA MAGDALENA CONTRERAS,2024-04-12,13
LA MAGDALENA CONTRERAS,2024-04-13,13
LA MAGDALENA CONTRERAS,2024-04-14,13
LA MAGDALENA CONTRERAS,2024-04-15,13
LA MAGDALENA CONTRERAS,2024-04-16,13
LA MAGDALENA CONTRERAS,2024-04-17,14
LA MAGDALENA CONTRERAS,2024-04-18,14
LA MAGDALENA CONTRERAS,2024-04-19,14
LA MAGDALENA CONTRERAS,2024-04-20,14
LA MAGDALENA CONTRERAS,2024-04-21,14
LA MAGDALENA CONTRERAS,2024-04-22,14
LA MAGDALENA CONTRERAS,2024-04-23,14
LA MAGDALENA CONTRERAS,2024-04-24,14
LA MAGDALENA CONTRERAS,2024-04-25,14
LA MAGDALENA CONTRERAS,2024-04-26,14
LA MAGDALENA CONTRERAS,2024-04-27,14
LA MAGDALENA CONTRERAS,2024-04-28,14
LA MAGDALENA CONTRERAS,2024-04-29,14
LA MAGDALENA CONTRERAS,2024-04-30,14
LA MAGDALENA CONTRERAS,2024-05-01,14
LA MAGDALENA CONTRERAS,2024-05-02,14
LA MAGDALENA CONTRERAS,2024-05-03,14
LA MAGDALENA CONTRERAS,2024-05-04,14
LA MAGDALENA CONTRERAS,2024-05-05,14
LA MAGDALENA CONTRERAS,2024-05-06,14
LA MAGDALENA CONTRERAS,2024-05-07,14
LA MAGDALENA CONTRERAS,2024-05-08,14
LA MAGDALENA CONTRERAS,2024-05-09,14
LA MAGDALENA CONTRERAS,2024-05-10,14
LA MAGDALENA CONTRERAS,2024-05-11,14
LA MAGDALENA CONTRERAS,2024-05-12,14
LA MAGDALENA CONTRERAS,2024-05-13,14
LA MAGDALENA CONTRERAS,2024-05-14,14
LA MAGDALENA CONTRERAS,2024-05-15,14
LA MAGDALENA CONTRERAS,2024-05-16,14
LA MAGDALENA CONTRERAS,2024-05-17,14
LA MAGDALENA CONTRERAS,2024-05-18,14
LA MAGDALENA CONTRERAS,2024-05-19,14
LA MAGDALENA CONTRERAS,2024-05-20,14
LA MAGDALENA CONTRERAS,2024-05-21,14
LA MAGDALENA CONTRERAS,2024-05-22,14
LA MAGDALENA CONTRERAS,2024-05-23,14
LA MAGDALENA CONTRERAS,2024-05-24,14
LA MAGDALENA CONTRERAS,2024-05-25,14
LA MAGDALENA CONTRERAS,2024-05-26,14
LA MAGDALENA CONTRERAS,2024-05-27,14
LA MAGDALENA CONTRERAS,2024-05-28,14
LA MAGDALENA CONTRERAS,2024-05-29,14
LA MAGDALENA CONTRERAS,2024-05-30,14
LA MAGDALENA CONTRERAS,2024-05-31,14
LA MAGDALENA CONTRERAS,2024-06-01,14
LA MAGDALENA CONTRERAS,2024-06-02,14
LA MAGDALENA CONTRERAS,2024-06-03,14
LA MAGDALENA CONTRERAS,2024-06-04,14
LA MAGDALENA CONTRERAS,2024-06-05,14
LA MAGDALENA CONTRERAS,2024-06-06,14
LA MAGDALENA CONTRERAS,2024-06-07,14
LA MAGDALENA CONTRERAS,2024-06-08,14
LA MAGDALENA CONTRERAS,2024-06-09,14
LA MAGDALENA CONTRERAS,2024-06-10,14
LA MAGDALENA CONTRERAS,2024-06-11,14
LA MAGDALENA CONTRERAS,2024-06-12,14
LA MAGDALENA CONTRERAS,2024-06-13,14
LA MAGDALENA CONTRERAS,2024-06-14,14
LA MAGDALENA CONTRERAS,2024-06-15,14
LA MAGDALENA CONTRERAS,2024-06-16,14
LA MAGDALENA CONTRERAS,2024-06-17,14
LA MAGDALENA CONTRERAS,2024-06-18,14
LA MAGDALENA CONTRERAS,2024-06-19,14
LA MAGDALENA CONTRERAS,2024-06-20,14
LA MAGDALENA CONTRERAS,2024-06-21,14
LA MAGDALENA CONTRERAS,2024-06-22,14
LA MAGDALENA CONTRERAS,2024-06-23,14
LA MAGDALENA CONTRERAS,2024-06-24,14
LA MAGDALENA CONTRERAS,2024-06-25,14
LA MAGDALENA CONTRERAS,2024-06-26,14
LA MAGDALENA CONTRERAS,2024-06-27,14
LA MAGDALENA CONTRERAS,2024-06-28,14
MILPA ALTA,2024-01-01,5
MILPA ALTA,2024-01-02,5
MILPA ALTA,2024-01-03,5
MILPA ALTA,2024-01-04,5
MILPA ALTA,2024-01-05,5
MILPA ALTA,2024-01-06,5
MILPA ALTA,2024-01-07,5
MILPA ALTA,2024-01-08,5
MILPA ALTA,2024-01-09,5
MILPA ALTA,2024-01-10,5
MILPA ALTA,2024-01-11,5
MILPA ALTA,2024-01-12,5
MILPA ALTA,2024-01-13,5
MILPA ALTA,2024-01-14,4
MILPA ALTA,2024-01-15,4
MILPA ALTA,2024-01-16,4
MILPA ALTA,2024-01-17,4
MILPA ALTA,2024-01-18,4
MILPA ALTA,2024-01-19,4
MILPA ALTA,2024-01-20,4
MILPA ALTA,2024-01-21,5
MILPA ALTA,2024-01-22,5
MILPA ALTA,2024-01-23,5
MILPA ALTA,2024-01-24,5
MILPA ALTA,2024-01-25,5
MILPA ALTA,2024-01-26,5
MILPA ALTA,2024-01-27,4
MILPA ALTA,2024-01-28,4
MILPA ALTA,2024-01-29,5
MILPA ALTA,2024-01-30,5
MILPA ALTA,2024-01-31,5
MILPA ALTA,2024-02-01,5
MILPA ALTA,2024-02-02,5
MILPA ALTA,2024-02-03,5
MILPA ALTA,2024-02-04,5
MILPA ALTA,2024-02-05,5
MILPA ALTA,2024-02-06,5
MILPA ALTA,2024-02-07,5
MILPA ALTA,2024-02-08,5
MILPA ALTA,2024-02-09,5
MILPA ALTA,2024-02-10,5
MILPA ALTA,2024-02-11,5
MILPA ALTA,2024-02-12,5
MILPA ALTA,2024-02-13,5
MILPA ALTA,2024-02-14,5
MILPA ALTA,2024-02-15,5
MILPA ALTA,2024-02-16,5
MILPA ALTA,2024-02-17,5
MILPA ALTA,2024-02-18,5
MILPA ALTA,2024-02-19,5
MILPA ALTA,2024-02-20,5
MILPA ALTA,2024-02-21,5
MILPA ALTA,2024-02-22,5
MILPA ALTA,2024-02-23,5
MILPA ALTA,2024-02-24,5
MILPA ALTA,2024-02-25,5
MILPA ALTA,2024-02-26,5
MILPA ALTA,2024-02-27,5
MILPA ALTA,2024-02-28,5
MILPA ALTA,2024-02-29,5
MILPA ALTA,2024-03-01,5
MILPA ALTA,2024-03-02,5
MILPA ALTA,2024-03-03,5
MILPA ALTA,2024-03-04,5
MILPA ALTA,2024-03-05,5
MILPA ALTA,2024-03-06,5
MILPA ALTA,2024-03-07,5
MILPA ALTA,2024-03-08,5
MILPA ALTA,2024-03-09,5
MILPA ALTA,2024-03-10,5
MILPA ALTA,2024-03-11,5
MILPA ALTA,2024-03-12,5
MILPA ALTA,2024-03-13,5
MILPA ALTA,2024-03-14,5
MILPA ALTA,2024-03-15,5
MILPA ALTA,2024-03-16,5
MILPA ALTA,2024-03-17,5
MILPA ALTA,2024-03-18,5
MILPA ALTA,2024-03-19,5
MILPA ALTA,2024-03-20,5
MILPA ALTA,2024-03-21,5
MILPA ALTA,2024-03-22,5
MILPA ALTA,2024-03-23,5
MILPA ALTA,2024-03-24,5
MILPA ALTA,2024-03-25,5
MILPA ALTA,2024-03-26,5
MILPA ALTA,2024-03-27,5
MILPA ALTA,2024-03-28,5
MILPA ALTA,2024-03-29,5
MILPA ALTA,2024-03-30,5
MILPA ALTA,2024-03-31,5
MILPA ALTA,2024-04-01,5
MILPA ALTA,2024-04-02,5
MILPA ALTA,2024-04-03,5
MILPA ALTA,2024-04-04,5
MILPA ALTA,2024-04-05,5
MILPA ALTA,2024-04-06,5
MILPA ALTA,2024-04-07,5
MILPA ALTA,2024-04-08,5
MILPA ALTA,2024-04-09,5
MILPA ALTA,2024-04-10,5
MILPA ALTA,2024-04-11,5
MILPA ALTA,2024-04-12,5
MILPA ALTA,2024-04-13,5
MILPA ALTA,2024-04-14,5
MILPA ALTA,2024-04-15,5
MILPA ALTA,2024-04-16,5
MILPA ALTA,2024-04-17,5
MILPA ALTA,2024-04-18,5
MILPA ALTA,2024-04-19,5
MILPA ALTA,2024-04-20,5
MILPA ALTA,2024-04-21,5
MILPA ALTA,2024-04-22,5
MILPA ALTA,2024-04-23,5
MILPA ALTA,2024-04-24,5
MILPA ALTA,2024-04-25,5
MILPA ALTA,2024-04-26,5
MILPA ALTA,2024-04-27,5
MILPA ALTA,2024-04-28,5
MILPA ALTA,2024-04-29,5
MILPA ALTA,2024-04-30,5
MILPA ALTA,2024-05-01,5
MILPA ALTA,2024-05-02,5
MILPA ALTA,2024-05-03,5
MILPA ALTA,2024-05-04,5
MILPA ALTA,2024-05-05,5
MILPA ALTA,2024-05-06,5
MILPA ALTA,2024-05-07,5
MILPA ALTA,2024-05-08,5
MILPA ALTA,2024-05-09,5
MILPA ALTA,2024-05-10,5
MILPA ALTA,2024-05-11,5
MILPA ALTA,2024-05-12,5
MILPA ALTA,2024-05-13,5
MILPA ALTA,2024-05-14,5
MILPA ALTA,2024-05-15,5
MILPA ALTA,2024-05-16,5
MILPA ALTA,2024-05-17,5
MILPA ALTA,2024-05-18,5
MILPA ALTA,2024-05-19,5
MILPA ALTA,2024-05-20,5
MILPA ALTA,2024-05-21,5
MILPA ALTA,2024-05-22,5
MILPA ALTA,2024-05-23,5
MILPA ALTA,2024-05-24,5
MILPA ALTA,2024-05-25,5
MILPA ALTA,2024-05-26,5
MILPA ALTA,2024-05-27,5
MILPA ALTA,2024-05-28,5
MILPA ALTA,2024-05-29,5
MILPA ALTA,2024-05-30,5
MILPA ALTA,2024-05-31,5
MILPA ALTA,2024-06-01,5
MILPA ALTA,2024-06-02,5
MILPA ALTA,2024-06-03,5
MILPA ALTA,2024-06-04,5
MILPA ALTA,2024-06-05,5
MILPA ALTA,2024-06-06,5
MILPA ALTA,2024-06-07,5
MILPA ALTA,2024-06-08,5
MILPA ALTA,2024-06-09,5
MILPA ALTA,2024-06-10,5
MILPA ALTA,2024-06-11,5
MILPA ALTA,2024-06-12,5
MILPA ALTA,2024-06-13,5
MILPA ALTA,2024-06-14,5
MILPA ALTA,2024-06-15,5
MILPA ALTA,2024-06-16,5
MILPA ALTA,2024-06-17,5
MILPA ALTA,2024-06-18,5
MILPA ALTA,2024-06-19,5
MILPA ALTA,2024-06-20,5
MILPA ALTA,2024-06-21,5
MILPA ALTA,2024-06-22,5
MILPA ALTA,2024-06-23,5
MILPA ALTA,2024-06-24,5
MILPA ALTA,2024-06-25,5
MILPA ALTA,2024-06-26,5
MILPA ALTA,2024-06-27,5
MILPA ALTA,2024-06-28,5
